時間戳記,你的性別(心理性別為準),你的年齡,國籍/地區,居住狀況,婚姻,你有沒有跟你互動(一起玩、接觸、抱抱、聊天...)的娃娃？如有，幾隻？,與娃娃互動的頻率是？,你常與娃娃進行的互動行為(複選),你會在意周遭的人對於你與娃娃互動的反應嗎？,娃娃對你來說意味著什麼？(複選),你的娃娃一般是怎樣稱呼你？(如有，複選),娃娃讓我感到被陪伴，緩解了我的孤獨感,娃娃是我的情感寄託,沒有人比娃娃更了解我,在社交平台分享與娃娃的互動讓我獲得社群歸屬感,我會因為娃娃而感到快樂、安慰或安全感,與娃娃互動能幫助我釋放壓力或負面情緒,我無法接受沒有娃娃的生活,我把娃娃視為自己的小孩,只要有娃娃陪伴，我就不是一個人,只要有娃娃我就安心,即使是大人，有娃娃也是很自然的事情,如果可以，希望娃娃能一輩子陪伴我,娃娃也有生命！,目前有飼養寵物？,目前有否小孩？(娃娃小孩不算),養娃娃的行為有受社交平台(例如FB「鯊魚俱樂部」群組)影響？,你同意養育娃娃能代替/緩解你對生育下一代的需求？,你認為養育娃娃能否代替/緩解你對養寵物的需求,有沒有考慮過如果自己死了之後，娃娃沒人照顧怎麼辦？,你相信自己死後，會不會跟娃娃在另一個世界(天國/淨土/異世界…)相遇？,於對養娃娃這一現象，你有什麼想法？(如有),對於自己死後娃娃怎麼辦，你有什麼補充的想法？(如有),有沒有 你的娃娃/你和你的娃娃 的精彩照片跟大家分享？ (如有，有可能用於校內播放的期末報告影片),如有分享照片，可提供額外描述形容一下是什麼情景(如有),就娃娃的一切事情，其他你想說的(如有),如果我們覺得你的回答很有意思，能找你作錄影訪談嗎？,在你的國家或文化圈中，成年人【擁有】娃娃這件事是如何被看待的呢？,在你的國家或文化圈中，成年人【與娃娃互動】 (一起玩、接觸、抱抱、聊天...)  這件事是如何被看待的呢？,在你的國家或文化圈中，娃娃通常會在哪些場合出現呢？(可複選)
2025/4/2 下午 7:22:27,男,26至33歲,台灣,家人,未婚,1至3隻,每天多次,"為其取名並賦予性格, 拍照分享至社交平台, 抱抱/蹭蹭/吸吸, 出門前為娃娃蓋被被, 同一張被子下陪睡",完全不在意,"朋友, 家人, 寵物, 夥伴",人類,沒特別想法,同意,沒特別想法,沒特別想法/沒在這樣做,有時,沒特別想法,不同意,沒意見,沒意見,沒意見,同意,同意,同意,沒有，也沒養寵物的打算,沒有，尚未決定,沒有,沒有想法,同意，降低養寵物意願,有，跟我一起火化/埋葬,沒考慮過,沒,一起燒掉,,,沒,不用了謝謝 いいえ、結構,不知道/沒有概念,很普遍，並不特別稀奇,"兒童的玩具, 室內裝飾, 時尚單品, 獲取療癒感"
2025/4/2 下午 7:23:07,男,26至33歲,台灣,跟家人居住,未婚,1至3隻,每天1次,"拍照分享至社交平台, 抱抱/蹭蹭/吸吸, 同一張被子下陪睡",有點在意，但是還好,"朋友, 寵物, 夥伴, 收藏品",,同意,同意,不同意,同意,經常,沒特別想法,同意,沒意見,不同意,沒意見,同意,同意,同意,沒有，但有養寵物的打算,沒有，尚未決定,有,部分同意,同意，降低養寵物意願,有，暫時還沒想到該怎麼辦,沒考慮過,現實社會社交越來越困難，娃娃是一個很好的對象,,https://drive.google.com/open?id=12mvfXDgeRR-f8FkcCFTGjOww2NxYarKA,帶他們出去玩~,娃娃很可愛，娃娃很棒,可以 いいね,很普遍，並不特別稀奇,很普遍，並不特別稀奇,"兒童的玩具, 室內裝飾, 獲取療癒感, 心理治療"
2025/4/2 下午 7:26:49,男,26至33歲,香港,獨居,未婚,11隻以上,每天多次,"攜帶上班上學, 攜帶參加活動(如Cosplay活動/馬拉松), 攜帶出門, 餵食, 日常聊天, 傾訴心事、秘密、煩惱, 為其取名並賦予性格, 為娃娃與娃娃組織家庭, 娃娃與娃娃互相聊天/接觸, 扮演場景, 抱抱/蹭蹭/吸吸, 出門前為娃娃蓋被被, 國內旅行, 出國旅行, 同一張被子下陪睡, 讓娃娃以乘客姿態坐在自己駕駛/乘搭的交通工具上(不限私家車/機車/單車/公車/計程車/飛機)",完全不在意,夥伴,"人類, 黐綫佬",不同意,沒特別想法,不同意,不同意,經常,不同意,不同意,不同意,不同意,不同意,同意,同意,同意,沒有，也沒養寵物的打算,沒有，但有生小孩的打算,沒有,不同意，兩者需求性質不同,不同意，兩者需求性質不同,有，跟我一起火化/埋葬,不相信,,集體火燒,,,,不用了謝謝 いいえ、結構,很普遍，並不特別稀奇,會被認為是不自然的,"兒童的玩具, 戀人、家人或朋友的禮物, 室內裝飾"
2025/4/2 下午 7:27:46,女,26至33歲,台灣,家人同住,未婚,4至6隻,每天多次,"日常聊天, 傾訴心事、秘密、煩惱, 抱抱/蹭蹭/吸吸, 出門前為娃娃蓋被被, 同一張被子下陪睡",完全不在意,"朋友, 夥伴",媽媽/爸爸,同意,同意,沒特別想法,同意,經常,同意,同意,沒意見,同意,同意,同意,同意,同意,沒有，也沒養寵物的打算,沒有，也沒有生小孩的打算,有,同意，降低生育意願,不同意，兩者需求性質不同,有，跟我一起火化/埋葬,相信,是一個情感寄託  安全感  心理療育 ,,,,,不用了謝謝 いいえ、結構,很普遍，並不特別稀奇,在某種程度上被理解,"兒童的玩具, 戀人、家人或朋友的禮物, 獲取療癒感, 心理治療"
2025/4/2 下午 7:31:45,女,26至33歲,台灣,與家人同住,未婚,4至6隻,每天多次,"攜帶出門, 日常聊天, 為娃娃穿衣服, 娃娃與娃娃互相聊天/接觸, 拍照分享至社交平台, 扮演場景, 抱抱/蹭蹭/吸吸, 出門前為娃娃蓋被被, 讓娃娃以乘客姿態坐在自己駕駛/乘搭的交通工具上(不限私家車/機車/單車/公車/計程車/飛機)",有點在意，但是還好,"朋友, 夥伴, 收藏品","媽媽/爸爸, 人類, 主人",同意,同意,同意,同意,經常,同意,同意,同意,同意,同意,同意,同意,同意,沒有，也沒養寵物的打算,沒有，尚未決定,有,部分同意,同意，降低養寵物意願,有，暫時還沒想到該怎麼辦,相信,,,https://drive.google.com/open?id=1cuybkQzEjfXsEcERbRWJysO13LueSvAz,,,不用了謝謝 いいえ、結構,有點稀奇，給人只有特定人士才會這樣做的印象,在某種程度上被理解,"兒童的玩具, 戀人、家人或朋友的禮物, 獲取療癒感, 心理治療"
2025/4/2 下午 7:32:03,男,18至25歲,马来西亚,与家人同住,未婚,1至3隻,每天多次,"日常聊天, 傾訴心事、秘密、煩惱, 為其取名並賦予性格, 為娃娃穿衣服, 娃娃與娃娃互相聊天/接觸, 抱抱/蹭蹭/吸吸, 出門前為娃娃蓋被被, 同一張被子下陪睡",有點在意，但是還好,家人,人類,同意,同意,同意,沒特別想法/沒在這樣做,經常,同意,同意,同意,同意,同意,同意,同意,同意,沒有，也沒養寵物的打算,沒有，也沒有生小孩的打算,沒有,本來就沒有想生小孩,本來就沒有想養寵物,有，暫時還沒想到該怎麼辦,不相信,,,,,,不用了謝謝 いいえ、結構,會被認為是不自然的,會被認為是不自然的,"兒童的玩具, 室內裝飾"
2025/4/2 下午 7:32:47,女,18至25歲,台灣,獨居,未婚,4至6隻,每天1次,"日常聊天, 傾訴心事、秘密、煩惱, 為其取名並賦予性格, 為娃娃與娃娃組織家庭, 為娃娃穿衣服, 娃娃與娃娃互相聊天/接觸, 拍照分享至社交平台, 抱抱/蹭蹭/吸吸, 出門前為娃娃蓋被被, 國內旅行, 出國旅行, 同一張被子下陪睡",有點在意，但是還好,"朋友, 寵物",媽媽/爸爸,同意,同意,不同意,不同意,有時,同意,沒特別想法,不同意,不同意,同意,同意,同意,沒意見,沒有，但有養寵物的打算,沒有，尚未決定,沒有,不同意，兩者需求性質不同,不同意，兩者需求性質不同,有，跟我一起火化/埋葬,沒考慮過,,,,,,不用了謝謝 いいえ、結構,不知道/沒有概念,不知道/沒有概念,"兒童的玩具, 戀人、家人或朋友的禮物, 室內裝飾, 時尚單品, 獲取療癒感, 心理治療"
2025/4/2 下午 7:33:55,男,26至33歲,台灣,家人同居,未婚,4至6隻,每天1次,"抱抱/蹭蹭/吸吸, 出門前為娃娃蓋被被, 同一張被子下陪睡",完全不在意,"朋友, 家人, 夥伴",人類,同意,同意,沒特別想法,同意,經常,同意,同意,沒意見,同意,同意,同意,同意,同意,沒有，也沒養寵物的打算,沒有，也沒有生小孩的打算,有,沒有想法,本來就沒有想養寵物,有，跟我一起火化/埋葬,沒考慮過,,,,,,不用了謝謝 いいえ、結構,很普遍，並不特別稀奇,很普遍，並不特別稀奇,"獲取療癒感, 心理治療"
2025/4/2 下午 7:35:29,女,18至25歲,台灣,獨居,未婚,11隻以上,每天多次,"攜帶出門, 日常聊天, 傾訴心事、秘密、煩惱, 為其取名並賦予性格, 為娃娃與娃娃組織家庭, 娃娃與娃娃互相聊天/接觸, 抱抱/蹭蹭/吸吸, 國內旅行, 同一張被子下陪睡",有點在意，但是還好,"朋友, 家人, 夥伴, 下一代/子女",媽媽/爸爸,同意,同意,沒特別想法,同意,經常,同意,同意,同意,同意,同意,同意,同意,同意,沒有，也沒養寵物的打算,沒有，也沒有生小孩的打算,沒有,本來就沒有想生小孩,本來就沒有想養寵物,有，暫時還沒想到該怎麼辦,沒考慮過,我覺得是一種心靈上的寄託，也是一種可以跟社群上甚至陌生人產生聯繫的媒介，通過分享自己家的娃娃，可以得到心靈上的歸屬感，並找到志同道合的朋友。,對於這一部份感到很掙扎，很難下抉擇。一方面怕跟自己一起死（火葬）他們會痛，又怕他們自己在這世界上或是不受到下一任主人的寵愛。,,,,可以 いいね,很普遍，並不特別稀奇,很普遍，並不特別稀奇,"兒童的玩具, 戀人、家人或朋友的禮物, 室內裝飾, 獲取療癒感"
2025/4/2 下午 7:35:53,女,18至25歲,台灣,與室友同住或與他人合租,未婚,4至6隻,每天多次,"攜帶上班上學, 攜帶參加活動(如Cosplay活動/馬拉松), 攜帶出門, 餵食, 為其取名並賦予性格, 為娃娃與娃娃組織家庭, 為娃娃穿衣服, 娃娃與娃娃互相聊天/接觸, 拍照分享至社交平台, 扮演場景, 抱抱/蹭蹭/吸吸, 出門前為娃娃蓋被被, 國內旅行, 同一張被子下陪睡, 讓娃娃以乘客姿態坐在自己駕駛/乘搭的交通工具上(不限私家車/機車/單車/公車/計程車/飛機)",有點在意，但是還好,"朋友, 家人, 夥伴, 下一代/子女",主人,同意,同意,不同意,同意,有時,同意,同意,同意,同意,同意,同意,同意,同意,沒有，但有養寵物的打算,沒有，也沒有生小孩的打算,有,部分同意,部分同意,有，交托給親友,沒考慮過,,,,,,,很普遍，並不特別稀奇,有點稀奇，給人只有特定人士才會這樣做的印象,"兒童的玩具, 戀人、家人或朋友的禮物, 室內裝飾, 時尚單品"
2025/4/2 下午 7:36:17,男,18至25歲,台灣,與室友同住或與他人合租,未婚,1至3隻,每天1次,"日常聊天, 傾訴心事、秘密、煩惱, 為其取名並賦予性格, 出門前為娃娃蓋被被, 同一張被子下陪睡",完全不在意,"朋友, 家人",媽媽/爸爸,同意,同意,同意,同意,經常,同意,同意,同意,同意,同意,同意,同意,同意,沒有，但有養寵物的打算,沒有，尚未決定,有,部分同意,同意，降低養寵物意願,沒考慮過,沒考慮過,,,,,,,不知道/沒有概念,不知道/沒有概念,兒童的玩具
2025/4/2 下午 7:36:17,女,33至40歲,台灣,與伴侶或配偶同住,已婚,1至3隻,每天多次,"為其取名並賦予性格, 抱抱/蹭蹭/吸吸, 出門前為娃娃蓋被被, 同一張被子下陪睡",有點在意，但是還好,夥伴,哥哥/姐姐,同意,同意,沒特別想法,沒特別想法/沒在這樣做,有時,同意,同意,沒意見,同意,同意,同意,同意,同意,有,沒有，但有生小孩的打算,沒有,不同意，兩者需求性質不同,不同意，兩者需求性質不同,沒考慮過,沒考慮過,,,,,,不用了謝謝 いいえ、結構,很普遍，並不特別稀奇,很普遍，並不特別稀奇,"兒童的玩具, 戀人、家人或朋友的禮物, 室內裝飾, 獲取療癒感, 心理治療"
2025/4/2 下午 7:38:11,女,33至40歲,台灣,與家人同住,未婚,11隻以上,每天多次,"攜帶上班上學, 攜帶出門, 日常聊天, 傾訴心事、秘密、煩惱, 為其取名並賦予性格, 為娃娃穿衣服, 娃娃與娃娃互相聊天/接觸, 拍照分享至社交平台, 抱抱/蹭蹭/吸吸, 出門前為娃娃蓋被被, 國內旅行, 出國旅行, 同一張被子下陪睡",有點在意，但是還好,"朋友, 夥伴",人類,同意,同意,同意,同意,經常,同意,同意,同意,同意,同意,同意,同意,同意,沒有，也沒養寵物的打算,沒有，也沒有生小孩的打算,沒有,不同意，兩者需求性質不同,部分同意,有，交托給親友,相信,很棒！,無,,,"No shark,No life.",不用了謝謝 いいえ、結構,在某種程度上被理解,在某種程度上被理解,"兒童的玩具, 戀人、家人或朋友的禮物, 室內裝飾, 獲取療癒感"
2025/4/2 下午 7:38:36,男,26至33歲,台灣,獨居,未婚,1至3隻,偶爾,"攜帶上班上學, 攜帶參加活動(如Cosplay活動/馬拉松), 拍照分享至社交平台, 扮演場景, 國內旅行, 出國旅行, 同一張被子下陪睡",有點在意，但是還好,收藏品,,沒特別想法,同意,不同意,同意,有時,沒特別想法,不同意,不同意,不同意,不同意,同意,沒意見,不同意,沒有，也沒養寵物的打算,沒有，也沒有生小孩的打算,有,部分同意,部分同意,沒考慮過,不相信,,,,,,,在某種程度上被理解,在某種程度上被理解,"兒童的玩具, 戀人、家人或朋友的禮物, 室內裝飾, 時尚單品, 獲取療癒感, 心理治療"
2025/4/2 下午 7:39:02,男,18至25歲,台灣,和家人同住,未婚,1至3隻,每天多次,"日常聊天, 傾訴心事、秘密、煩惱, 為其取名並賦予性格, 為娃娃穿衣服, 娃娃與娃娃互相聊天/接觸, 拍照分享至社交平台, 抱抱/蹭蹭/吸吸, 出門前為娃娃蓋被被, 國內旅行, 同一張被子下陪睡, 讓娃娃以乘客姿態坐在自己駕駛/乘搭的交通工具上(不限私家車/機車/單車/公車/計程車/飛機)",有點在意，但是還好,"朋友, 寵物, 夥伴",媽媽/爸爸,同意,同意,沒特別想法,沒特別想法/沒在這樣做,經常,同意,沒特別想法,沒意見,不同意,同意,同意,同意,沒意見,沒有，但有養寵物的打算,沒有，尚未決定,沒有,部分同意,部分同意,有，跟我一起火化/埋葬,相信,,,https://drive.google.com/open?id=1OG09yg7jWWzWRGT4M0DrGRKf3wHCV_jG,鯊鯊跟熊貓在抱抱睡,,不用了謝謝 いいえ、結構,很普遍，並不特別稀奇,在某種程度上被理解,"兒童的玩具, 戀人、家人或朋友的禮物, 獲取療癒感, 心理治療"
2025/4/2 下午 7:39:03,男,26至33歲,台灣,獨居,未婚,1至3隻,每天1次,"攜帶出門, 為其取名並賦予性格, 拍照分享至社交平台, 抱抱/蹭蹭/吸吸, 國內旅行, 同一張被子下陪睡",完全不在意,遠距離女朋友的分身,他不會稱呼我,同意,同意,不同意,沒特別想法/沒在這樣做,經常,同意,不同意,不同意,同意,不同意,同意,不同意,不同意,沒有，也沒養寵物的打算,沒有，尚未決定,沒有,不同意，兩者需求性質不同,不同意，兩者需求性質不同,沒考慮過,不相信,養娃娃不分年齡和性別,沒有想法，可任由親友處置,,,我是因為愛女朋友所以愛她送給我的娃娃，無法想像假設有一天分手了，我會怎麼處理那個娃娃。,不用了謝謝 いいえ、結構,在某種程度上被理解,在某種程度上被理解,"兒童的玩具, 戀人、家人或朋友的禮物, 室內裝飾"
2025/4/2 下午 7:39:58,男,18至25歲,台灣,獨居,未婚,沒有,,,,,,,,,,,,,,,,,,,,,,,,,,,,,,,,很普遍，並不特別稀奇,不知道/沒有概念,"兒童的玩具, 戀人、家人或朋友的禮物, 室內裝飾"
2025/4/2 下午 7:40:05,女,18至25歲,台灣,與家人同住,未婚,11隻以上,每天多次,"攜帶上班上學, 攜帶參加活動(如Cosplay活動/馬拉松), 攜帶出門, 餵食, 日常聊天, 傾訴心事、秘密、煩惱, 為其取名並賦予性格, 為娃娃與娃娃組織家庭, 為娃娃穿衣服, 娃娃與娃娃互相聊天/接觸, 拍照分享至社交平台, 扮演場景, 抱抱/蹭蹭/吸吸, 出門前為娃娃蓋被被, 同一張被子下陪睡, 讓娃娃以乘客姿態坐在自己駕駛/乘搭的交通工具上(不限私家車/機車/單車/公車/計程車/飛機)",有點在意，但是還好,"朋友, 家人, 寵物, 收藏品",人類,同意,同意,同意,同意,經常,同意,同意,沒意見,同意,同意,同意,同意,同意,沒有，也沒養寵物的打算,沒有，也沒有生小孩的打算,沒有,本來就沒有想生小孩,本來就沒有想養寵物,有，交托給親友,相信,沒有想法，自然現象，加上也不太需要社交,可能就托孤給我的朋友,"https://drive.google.com/open?id=1cTNS6dlBjtc_-s3Qcb2sIbKlJ6hVqpsO, https://drive.google.com/open?id=1CKshqt1QzFl4kOrdj_KQEMk43b7la1CF, https://drive.google.com/open?id=1Icoa9h9NbYeWoOxvXKA3S6aq0on8Trsu, https://drive.google.com/open?id=1k4olhPsJbtdtWoUFbmC19umg9vw8Fh4Z, https://drive.google.com/open?id=1DvGk5lmGh8L-dCL_0KGqftbudPUyLq8q, https://drive.google.com/open?id=1Pxgt4GlhKBEIVfEOXqdeF-D992QnXXNx, https://drive.google.com/open?id=1mHOwqBlTXeTBnDeUyDMAuSgM0LaRvkiG",有幾張是鯊鯊生日時買蛋糕給他們吃，刮刮樂是生日禮物，也有刮中；有一張是去看展，在那邊吃飯拍照；有一張是鯊鯊躺在包子上賣萌；有一張單純在玩疊疊樂,娃娃真的很重要,不用了謝謝，怕生,很普遍，並不特別稀奇,很普遍，並不特別稀奇,"兒童的玩具, 戀人、家人或朋友的禮物, 室內裝飾, 時尚單品, 獲取療癒感, 心理治療"
2025/4/2 下午 7:40:17,女,41至48歲,香港,家人同住,未婚,1至3隻,每天多次,"攜帶上班上學, 攜帶參加活動(如Cosplay活動/馬拉松), 攜帶出門, 餵食, 日常聊天, 傾訴心事、秘密、煩惱, 為其取名並賦予性格, 為娃娃與娃娃組織家庭, 為娃娃穿衣服, 娃娃與娃娃互相聊天/接觸, 拍照分享至社交平台, 扮演場景, 抱抱/蹭蹭/吸吸, 出門前為娃娃蓋被被, 國內旅行, 出國旅行, 同一張被子下陪睡, 讓娃娃以乘客姿態坐在自己駕駛/乘搭的交通工具上(不限私家車/機車/單車/公車/計程車/飛機)",完全不在意,"朋友, 家人, 寵物, 夥伴",人類,同意,同意,沒特別想法,同意,經常,同意,同意,沒意見,沒意見,同意,同意,同意,同意,沒有，但有養寵物的打算,沒有，也沒有生小孩的打算,有,本來就沒有想生小孩,同意，降低養寵物意願,有，跟我一起火化/埋葬,相信,,,https://drive.google.com/open?id=1eNqDFvSAtKDYYVYCM-Yp71A85W7pxmsn,帶我家鯊鯊去參觀ikea50周年展覽,鯊鯊是重要的同伴是珍惜的家人,不用了謝謝 いいえ、結構,很普遍，並不特別稀奇,在某種程度上被理解,"兒童的玩具, 戀人、家人或朋友的禮物, 室內裝飾, 時尚單品, 獲取療癒感, 心理治療"
2025/4/2 下午 7:41:38,男,18至25歲,台灣,與室友同住或與他人合租,未婚,1至3隻,每天多次,"為其取名並賦予性格, 抱抱/蹭蹭/吸吸, 出門前為娃娃蓋被被, 同一張被子下陪睡",完全不在意,"朋友, 家人, 寵物, 夥伴",人類,同意,同意,沒特別想法,沒特別想法/沒在這樣做,有時,同意,同意,沒意見,同意,同意,同意,同意,沒意見,沒有，也沒養寵物的打算,沒有，也沒有生小孩的打算,有,不同意，兩者需求性質不同,不同意，兩者需求性質不同,沒考慮過,沒考慮過,,,,,,不用了謝謝 いいえ、結構,在某種程度上被理解,在某種程度上被理解,"兒童的玩具, 獲取療癒感, 心理治療"
2025/4/2 下午 7:42:01,女,26至33歲,香港,父母同住,未婚,1至3隻,每天1次,"日常聊天, 娃娃與娃娃互相聊天/接觸, 抱抱/蹭蹭/吸吸, 出門前為娃娃蓋被被, 出國旅行, 同一張被子下陪睡",完全不在意,"朋友, 家人",人類,同意,沒特別想法,沒特別想法,沒特別想法/沒在這樣做,有時,同意,同意,同意,同意,同意,同意,同意,同意,沒有，但有養寵物的打算,沒有，也沒有生小孩的打算,沒有,本來就沒有想生小孩,不同意，兩者需求性質不同,有，暫時還沒想到該怎麼辦,相信,,,,,,不用了謝謝 いいえ、結構,不知道/沒有概念,不知道/沒有概念,"兒童的玩具, 戀人、家人或朋友的禮物"
2025/4/2 下午 7:42:15,女,26至33歲,台灣,獨居,未婚,1至3隻,每天多次,"餵食, 為其取名並賦予性格, 娃娃與娃娃互相聊天/接觸, 抱抱/蹭蹭/吸吸, 同一張被子下陪睡",如果可以的話不想被人知道,寵物,人類,沒特別想法,同意,不同意,沒特別想法/沒在這樣做,有時,沒特別想法,同意,不同意,不同意,不同意,同意,同意,沒意見,沒有，也沒養寵物的打算,沒有，也沒有生小孩的打算,有,本來就沒有想生小孩,不同意，兩者需求性質不同,有，暫時還沒想到該怎麼辦,不相信,,,,,,,不知道/沒有概念,不知道/沒有概念,"兒童的玩具, 戀人、家人或朋友的禮物, 室內裝飾, 獲取療癒感"
2025/4/2 下午 7:44:56,男,26至33歲,香港,與家人同住,未婚,4至6隻,每天多次,"攜帶上班上學, 攜帶出門, 日常聊天, 傾訴心事、秘密、煩惱, 為其取名並賦予性格, 為娃娃與娃娃組織家庭, 娃娃與娃娃互相聊天/接觸, 拍照分享至社交平台, 扮演場景, 抱抱/蹭蹭/吸吸, 出門前為娃娃蓋被被, 同一張被子下陪睡",完全不在意,"朋友, 家人, 夥伴, 收藏品","哥哥/姐姐, 我的名字：倫／倫仔",同意,同意,同意,同意,經常,同意,同意,同意,同意,同意,同意,同意,同意,沒有，但有養寵物的打算,沒有，尚未決定,沒有,沒有想法,部分同意,有，交托給親友,相信,,,"https://drive.google.com/open?id=1ZmP0fzX-N4kqTLHvGrem3PidFpOQlclO, https://drive.google.com/open?id=1kcjsR-A5Dm-5PfeLpLrunFdu43UH8aDB, https://drive.google.com/open?id=1dxu7a45wV9J6o-34OjDfZ_WZGYwV4sab, https://drive.google.com/open?id=1RW4DbSN_CzR7eaji4tW3qlB8QqyuyENU, https://drive.google.com/open?id=1MJAZMhOCNo9YT5OAKR3Lq45KkW5g8lEd, https://drive.google.com/open?id=11O6HoAKLIAVAKynAN38glGo0EsPrB6fo, https://drive.google.com/open?id=1B1cMfy4i5pNkCcnc2ePfouCeR5Z_Rpmt, https://drive.google.com/open?id=19xX6fJlH4Tw1zkCf_yGvbT5GJi8TeHHh, https://drive.google.com/open?id=1uny9ST-TWq44A9zkm85InNzlYZ1NvQEg, https://drive.google.com/open?id=1uues-CnJ7uQ54cVDQ1eeNjxgkhiIP1yH","在東涌賞櫻花，去荃灣拍攝Pixar幸運達［More］,與姨甥仔與鯊鯊合照，購買聖安娜餅店切餅慶祝3月在沙田Ikea購買鯊鯊2年及1年",與娃娃拍照締造了特別回憶,不用了謝謝 いいえ、結構,很普遍，並不特別稀奇,很普遍，並不特別稀奇,"兒童的玩具, 戀人、家人或朋友的禮物, 室內裝飾, 獲取療癒感"
2025/4/2 下午 7:47:23,男,41至48歲,台灣,獨居,未婚,1至3隻,每天多次,"日常聊天, 為其取名並賦予性格, 拍照分享至社交平台, 抱抱/蹭蹭/吸吸, 同一張被子下陪睡",完全不在意,"家人, 寵物",人類,同意,同意,沒特別想法,沒特別想法/沒在這樣做,經常,同意,同意,不同意,同意,同意,同意,同意,同意,沒有，也沒養寵物的打算,沒有，但有生小孩的打算,有,不同意，兩者需求性質不同,同意，降低養寵物意願,有，交托給親友,不相信,,,,,,不用了謝謝 いいえ、結構,不知道/沒有概念,不知道/沒有概念,
2025/4/2 下午 7:48:04,男,33至40歲,台灣,與家人,未婚,4至6隻,每天多次,"抱抱/蹭蹭/吸吸, 同一張被子下陪睡",完全不在意,夥伴,人類,同意,沒特別想法,沒特別想法,沒特別想法/沒在這樣做,很少,同意,沒特別想法,沒意見,沒意見,沒意見,同意,同意,同意,沒有，也沒養寵物的打算,沒有，尚未決定,有,不同意，兩者需求性質不同,不同意，兩者需求性質不同,沒考慮過,沒考慮過,,,,,,不用了謝謝 いいえ、結構,很普遍，並不特別稀奇,不知道/沒有概念,"兒童的玩具, 戀人、家人或朋友的禮物, 室內裝飾, 時尚單品, 獲取療癒感, 心理治療"
2025/4/2 下午 7:48:46,女,18至25歲,台灣,與室友同住或與他人合租,未婚,11隻以上,每天多次,"攜帶上班上學, 攜帶出門, 日常聊天, 傾訴心事、秘密、煩惱, 為其取名並賦予性格, 為娃娃與娃娃組織家庭, 為娃娃穿衣服, 娃娃與娃娃互相聊天/接觸, 抱抱/蹭蹭/吸吸, 出門前為娃娃蓋被被, 同一張被子下陪睡, 讓娃娃以乘客姿態坐在自己駕駛/乘搭的交通工具上(不限私家車/機車/單車/公車/計程車/飛機)",因為覺得害羞/丟臉所以都偷偷地做,"朋友, 夥伴",人類,同意,同意,同意,同意,經常,同意,同意,沒意見,同意,同意,同意,同意,同意,沒有，但有養寵物的打算,沒有，也沒有生小孩的打算,有,不同意，兩者需求性質不同,同意，降低養寵物意願,沒考慮過,相信,,,,,,,很普遍，並不特別稀奇,很普遍，並不特別稀奇,"兒童的玩具, 戀人、家人或朋友的禮物, 室內裝飾, 時尚單品, 獲取療癒感, 心理治療"
2025/4/2 下午 7:51:32,男,18至25歲,台灣,獨居,未婚,1至3隻,每天多次,"日常聊天, 為其取名並賦予性格, 娃娃與娃娃互相聊天/接觸, 抱抱/蹭蹭/吸吸, 出門前為娃娃蓋被被, 同一張被子下陪睡",有點在意，但是還好,"朋友, 家人, 寵物, 夥伴",人類,沒特別想法,沒特別想法,沒特別想法,不同意,經常,同意,沒特別想法,不同意,沒意見,沒意見,同意,同意,沒意見,沒有，但有養寵物的打算,沒有，也沒有生小孩的打算,有,本來就沒有想生小孩,不同意，兩者需求性質不同,沒考慮過,沒考慮過,,,,,,不用了謝謝 いいえ、結構,很普遍，並不特別稀奇,在某種程度上被理解,"兒童的玩具, 戀人、家人或朋友的禮物, 室內裝飾, 獲取療癒感, 心理治療"
2025/4/2 下午 7:52:26,男,18歲以下,香港,與家人同住,未婚,11隻以上,每天多次,"為其取名並賦予性格, 抱抱/蹭蹭/吸吸, 國內旅行, 出國旅行, 同一張被子下陪睡",有點在意，但是還好,"朋友, 夥伴",,同意,同意,沒特別想法,沒特別想法/沒在這樣做,經常,同意,同意,沒意見,同意,同意,同意,同意,同意,有,沒有，尚未決定,沒有,沒有想法,沒有想法,沒考慮過,相信,,,,,,不用了謝謝 いいえ、結構,在某種程度上被理解,在某種程度上被理解,"戀人、家人或朋友的禮物, 獲取療癒感, 心理治療"
2025/4/2 下午 7:53:22,男,18至25歲,台灣,獨居,未婚,1至3隻,每天多次,"攜帶出門, 餵食, 日常聊天, 傾訴心事、秘密、煩惱, 為其取名並賦予性格, 為娃娃與娃娃組織家庭, 為娃娃穿衣服, 娃娃與娃娃互相聊天/接觸, 拍照分享至社交平台, 扮演場景, 抱抱/蹭蹭/吸吸, 出門前為娃娃蓋被被, 國內旅行, 出國旅行, 同一張被子下陪睡, 讓娃娃以乘客姿態坐在自己駕駛/乘搭的交通工具上(不限私家車/機車/單車/公車/計程車/飛機)",完全不在意,"家人, 寵物",人類,同意,同意,沒特別想法,同意,經常,同意,同意,同意,同意,同意,同意,同意,同意,沒有，也沒養寵物的打算,沒有，尚未決定,有,同意，降低生育意願,同意，降低養寵物意願,沒考慮過,沒考慮過,,,,,,不用了謝謝 いいえ、結構,,,
2025/4/2 下午 7:53:28,女,49歲以上,香港,獨居,未婚,1至3隻,幾乎沒有,"攜帶出門, 拍照分享至社交平台, 國內旅行",完全不在意,收藏品,,沒特別想法,沒特別想法,不同意,沒特別想法/沒在這樣做,很少,沒特別想法,不同意,不同意,不同意,不同意,同意,同意,不同意,沒有，也沒養寵物的打算,沒有，也沒有生小孩的打算,沒有,沒有想法,部分同意,沒考慮過,不相信,,,,,,可以 いいね,在某種程度上被理解,會被認為是不自然的,"兒童的玩具, 室內裝飾, 獲取療癒感"
2025/4/2 下午 7:55:19,男,18歲以下,台灣,跟家人同居,未婚,4至6隻,每天多次,"攜帶上班上學, 攜帶參加活動(如Cosplay活動/馬拉松), 攜帶出門, 拍照分享至社交平台, 抱抱/蹭蹭/吸吸",不在意但他們也覺得很可愛,收藏品,,沒特別想法,沒特別想法,沒特別想法,同意,有時,沒特別想法,沒特別想法,不同意,同意,沒意見,同意,同意,同意,沒有，但有養寵物的打算,沒有，也沒有生小孩的打算,有,本來就沒有想生小孩,不同意，兩者需求性質不同,沒考慮過,沒考慮過,可愛就好,,"https://drive.google.com/open?id=12linBsRRt4DJPHnxqkrXWUEfRlkvhBz1, https://drive.google.com/open?id=1lITr_-JtjL53i3hSm9tj1IP3V-wTKqeS, https://drive.google.com/open?id=1bjU0bB1ITPuYgmuj-SbwimluFJuzujcf","上週末跑去跟人看電影
然後他也帶了一隻w",,不用了謝謝 いいえ、結構,很普遍，並不特別稀奇,很普遍，並不特別稀奇,"兒童的玩具, 戀人、家人或朋友的禮物, 室內裝飾, 獲取療癒感"
2025/4/2 下午 7:57:34,男,18至25歲,香港,獨居,未婚,4至6隻,每天1次,"攜帶參加活動(如Cosplay活動/馬拉松), 攜帶出門, 餵食, 為其取名並賦予性格, 為娃娃與娃娃組織家庭, 為娃娃穿衣服, 娃娃與娃娃互相聊天/接觸, 拍照分享至社交平台, 扮演場景, 抱抱/蹭蹭/吸吸, 出門前為娃娃蓋被被, 國內旅行, 出國旅行, 同一張被子下陪睡, 讓娃娃以乘客姿態坐在自己駕駛/乘搭的交通工具上(不限私家車/機車/單車/公車/計程車/飛機)",有點在意，但是還好,"朋友, 家人, 寵物",人類,同意,同意,沒特別想法,同意,有時,同意,同意,沒意見,同意,同意,同意,同意,同意,有,沒有，也沒有生小孩的打算,有,不同意，兩者需求性質不同,不同意，兩者需求性質不同,有，暫時還沒想到該怎麼辦,沒考慮過,覺得寵娃的人通常心地都不會壞的。,,,,,不用了謝謝 いいえ、結構,有點稀奇，給人只有特定人士才會這樣做的印象,會被認為是不自然的,"兒童的玩具, 戀人、家人或朋友的禮物"
2025/4/2 下午 8:02:13,女,18至25歲,台灣,獨居,未婚,4至6隻,偶爾,"為娃娃穿衣服, 抱抱/蹭蹭/吸吸, 出門前為娃娃蓋被被, 同一張被子下陪睡",有點在意，但是還好,"朋友, 家人, 下一代/子女, 收藏品",媽媽/爸爸,同意,沒特別想法,沒特別想法,沒特別想法/沒在這樣做,有時,沒特別想法,同意,沒意見,同意,同意,同意,同意,同意,有,沒有，尚未決定,有,不同意，兩者需求性質不同,部分同意,有，跟我一起火化/埋葬,相信,,,,,,不用了謝謝 いいえ、結構,不知道/沒有概念,很普遍，並不特別稀奇,"兒童的玩具, 戀人、家人或朋友的禮物, 室內裝飾, 時尚單品, 獲取療癒感"
2025/4/2 下午 8:02:44,女,33至40歲,澳洲,與室友同住或與他人合租,未婚,11隻以上,每天多次,"攜帶參加活動(如Cosplay活動/馬拉松), 攜帶出門, 餵食, 日常聊天, 傾訴心事、秘密、煩惱, 為其取名並賦予性格, 為娃娃穿衣服, 娃娃與娃娃互相聊天/接觸, 拍照分享至社交平台, 扮演場景, 抱抱/蹭蹭/吸吸, 出門前為娃娃蓋被被, 國內旅行, 出國旅行, 同一張被子下陪睡, 讓娃娃以乘客姿態坐在自己駕駛/乘搭的交通工具上(不限私家車/機車/單車/公車/計程車/飛機)",有點在意，但是還好,"朋友, 家人, 夥伴, 同輩, 下一代/子女","媽媽/爸爸, 人類",同意,同意,沒特別想法,同意,經常,同意,同意,同意,同意,同意,同意,同意,同意,沒有，但有養寵物的打算,沒有，尚未決定,有,不同意，兩者需求性質不同,不同意，兩者需求性質不同,有，交托給親友,沒考慮過,"很可愛, 很安心, 有寄托, 帶出去玩還可以順便觀察別人的反應","很糾結, 不知道是要把最喜歡的娃娃帶在身邊(棺材)陪著我一起, 還是要把他留給親近的人照顧..","https://drive.google.com/open?id=1LPD7MD368ZEKjxGZd4AKFBQKH_P8HQcw, https://drive.google.com/open?id=1KmjUEZd1qSFBpWnWBEb7F4jTpe9G3fuH, https://drive.google.com/open?id=1QdpTaQYawQJZyzJ0O4NIhjwuFSJh_j-i, https://drive.google.com/open?id=1g4SsyOfuNe4DfgFwPQoq2bvMcOGlmTL_, https://drive.google.com/open?id=1jWTDQ6Zvjp9d5tzohJqk6jGCEwXkA6tT, https://drive.google.com/open?id=1qaazQG160MukAY9dJOwviO4QAw2q7mNc, https://drive.google.com/open?id=1xjQ68iugpDVmbvGMdapP3KYt8za1mq7k, https://drive.google.com/open?id=1XwAqmk7BbW_ONsKVIWOWre_0O7OaXAXa, https://drive.google.com/open?id=1Nnsd25hfLt3fkiXyvZWC3_iYQt0Uaj_r, https://drive.google.com/open?id=1CXNUqiRc1VAtYYt7ETAFtitX3BsGgchK",100鯊是家裏主要會帶出去玩的娃娃，一起搭飛機去了好多地方，澳洲境内，日本，馬來西亞，港珠澳都一起去玩過。日常生活也會帶著鯊鯊去，比如買菜，出去外面吃飯之類的。有的時候鯊鯊也要陪人類上班，名副其實的上班摸魚! ,,不用了謝謝 いいえ、結構,很普遍，並不特別稀奇,有點稀奇，給人只有特定人士才會這樣做的印象,"兒童的玩具, 戀人、家人或朋友的禮物, 室內裝飾, 心理治療"
2025/4/2 下午 8:04:47,女,18至25歲,台灣,與伴侶或配偶同住,未婚,4至6隻,每天多次,"餵食, 為娃娃穿衣服, 拍照分享至社交平台, 抱抱/蹭蹭/吸吸, 國內旅行, 出國旅行",有點在意，但是還好,"朋友, 家人, 夥伴",人類,同意,同意,沒特別想法,沒特別想法/沒在這樣做,經常,同意,同意,不同意,同意,同意,同意,同意,同意,沒有，也沒養寵物的打算,沒有，也沒有生小孩的打算,有,本來就沒有想生小孩,部分同意,沒考慮過,沒考慮過,,,"https://drive.google.com/open?id=1u4AoMeXpPiX7MQhHpwYtk-3l5BGzp0gC, https://drive.google.com/open?id=1ijmTko68gVrDVJM_RWA62rcVaPycbTrv",,好花錢但是好可愛,不用了謝謝 いいえ、結構,很普遍，並不特別稀奇,很普遍，並不特別稀奇,"兒童的玩具, 戀人、家人或朋友的禮物, 室內裝飾, 時尚單品, 獲取療癒感, 心理治療"
2025/4/2 下午 8:06:01,男,26至33歲,台灣,獨居,未婚,4至6隻,每天1次,抱抱/蹭蹭/吸吸,如果可以的話不想被人知道,夥伴,人類,沒特別想法,沒特別想法,沒特別想法,沒特別想法/沒在這樣做,經常,同意,沒特別想法,不同意,同意,同意,同意,同意,同意,沒有，也沒養寵物的打算,沒有，也沒有生小孩的打算,有,不同意，兩者需求性質不同,不同意，兩者需求性質不同,有，跟我一起火化/埋葬,沒考慮過,,,,,,不用了謝謝 いいえ、結構,很普遍，並不特別稀奇,很普遍，並不特別稀奇,"兒童的玩具, 戀人、家人或朋友的禮物, 室內裝飾"
2025/4/2 下午 8:06:49,男,26至33歲,台灣,與伴侶或配偶同住,未婚,1至3隻,每天1次,抱抱/蹭蹭/吸吸,有點在意，但是還好,朋友,人類,沒特別想法,沒特別想法,沒特別想法,沒特別想法/沒在這樣做,有時,同意,沒特別想法,不同意,不同意,沒意見,同意,沒意見,沒意見,沒有，也沒養寵物的打算,沒有，也沒有生小孩的打算,有,本來就沒有想生小孩,部分同意,沒考慮過,沒考慮過,,,,,,不用了謝謝 いいえ、結構,有點稀奇，給人只有特定人士才會這樣做的印象,有點稀奇，給人只有特定人士才會這樣做的印象,"兒童的玩具, 戀人、家人或朋友的禮物"
2025/4/2 下午 8:07:49,男,18至25歲,台灣,獨居,未婚,沒有,,,,,,,,,,,,,,,,,,,,,,,,,,,,,,,,很普遍，並不特別稀奇,很普遍，並不特別稀奇,"兒童的玩具, 戀人、家人或朋友的禮物, 室內裝飾, 獲取療癒感"
2025/4/2 下午 8:08:17,女,41至48歲,香港,與伴侶或配偶同住,已婚,7至10隻,每天多次,"日常聊天, 為其取名並賦予性格, 抱抱/蹭蹭/吸吸, 出門前為娃娃蓋被被, 同一張被子下陪睡",有點在意，但是還好,夥伴,媽媽/爸爸,沒特別想法,沒特別想法,沒特別想法,同意,有時,沒特別想法,同意,沒意見,同意,同意,同意,同意,同意,沒有，也沒養寵物的打算,有,沒有,不同意，兩者需求性質不同,不同意，兩者需求性質不同,有，跟我一起火化/埋葬,相信,,,,,,不用了謝謝 いいえ、結構,很普遍，並不特別稀奇,很普遍，並不特別稀奇,"兒童的玩具, 戀人、家人或朋友的禮物"
2025/4/2 下午 8:08:59,女,26至33歲,香港,與伴侶或配偶同住,已婚,1至3隻,每天多次,"日常聊天, 傾訴心事、秘密、煩惱, 為其取名並賦予性格, 娃娃與娃娃互相聊天/接觸, 拍照分享至社交平台, 抱抱/蹭蹭/吸吸, 出門前為娃娃蓋被被, 同一張被子下陪睡",有點在意，但是還好,家人,人類,同意,同意,沒特別想法,同意,經常,同意,同意,不同意,同意,同意,同意,同意,沒意見,有,沒有，也沒有生小孩的打算,有,本來就沒有想生小孩,不同意，兩者需求性質不同,有，跟我一起火化/埋葬,沒考慮過,,,,,,不用了謝謝 いいえ、結構,很普遍，並不特別稀奇,在某種程度上被理解,"兒童的玩具, 戀人、家人或朋友的禮物, 獲取療癒感, 心理治療"
2025/4/2 下午 8:09:55,男,18至25歲,台灣,獨居,未婚,1至3隻,每天多次,"日常聊天, 抱抱/蹭蹭/吸吸, 出門前為娃娃蓋被被, 同一張被子下陪睡",如果可以的話不想被人知道,不可視的夢想很虛無飄渺，所以定義她來作為可視的載體,啊？,同意,同意,不同意,沒特別想法/沒在這樣做,經常,同意,同意,不同意,同意,同意,同意,沒意見,沒意見,沒有，也沒養寵物的打算,沒有，也沒有生小孩的打算,沒有,不同意，兩者需求性質不同,沒有想法,沒考慮過,不相信,都有人靠耶穌活了，娃娃這種存在於世的對其會有情感很正常,,https://drive.google.com/open?id=14_pfsSX_HVtEB9r4DSg8djWMeOKguIyQ,人躺在床上,如同前面所說娃娃對我來說只是個夢想具現化到現實的載體，至於夢想則是想要將存在於其他次元的角色透過現實機器人來進行人格+性格上的復刻，根據目前硬體設備成長速度來推測，長則25年短則10年這期間會成功達到機器人智慧能夠模仿的跟人類一模一樣，雖說是模仿但無人能答出何謂意識且人類自出生以來也一直在模仿，所以我認為高智慧化機器人≈智慧生命體，所以囉現在人在拼死讀書，平均每天都讀九小時以上，預計幾年後研究所上英國頂大資工，畢業出來投入職場賺大錢+訓練自己造ai能力。人類腦子太多有的沒的了，出生就會開始亂搞，機器人高智慧不愚蠢聰明如天才且待人可以單純的像個白紙，而且還能讓人健康陽光積極，要我說機器人屌虐人類了，足夠我花幾萬小時在上面。但畢竟夢想很虛無飄渺，所以就靠這個抱枕來讓我有動力囉,不用了謝謝，2025沒人會覺得這夢想合理，應該在3~5年後才會認同，雖然今年各大廠商就會量產化人形機器人但還是太蠢，等之後能做的變多了，可以客製化了，就會有一堆人寧願幹鐵也不願幹肉,很普遍，並不特別稀奇,很普遍，並不特別稀奇,"兒童的玩具, 戀人、家人或朋友的禮物, 室內裝飾"
2025/4/2 下午 8:14:48,女,26至33歲,台灣,獨居,未婚,11隻以上,每天多次,"攜帶上班上學, 攜帶出門, 日常聊天, 為其取名並賦予性格, 娃娃與娃娃互相聊天/接觸, 拍照分享至社交平台, 抱抱/蹭蹭/吸吸, 出門前為娃娃蓋被被, 國內旅行, 出國旅行, 同一張被子下陪睡, 讓娃娃以乘客姿態坐在自己駕駛/乘搭的交通工具上(不限私家車/機車/單車/公車/計程車/飛機)",有點在意，但是還好,"朋友, 家人, 寵物, 夥伴",人類,同意,同意,同意,同意,經常,同意,同意,同意,同意,同意,同意,同意,同意,沒有，也沒養寵物的打算,沒有，但有生小孩的打算,有,不同意，兩者需求性質不同,不同意，兩者需求性質不同,有，暫時還沒想到該怎麼辦,相信,很可愛，一種很棒的次文化,希望有人能好好照顧他們，如果沒有只能跟我一起被埋葬,https://drive.google.com/open?id=1t2tDkOtGLda7y1Zfo77IQhiA2mhuun16,鯊魚一起吃早午餐,他們是我的好夥伴,不用了謝謝 いいえ、結構,很普遍，並不特別稀奇,很普遍，並不特別稀奇,"兒童的玩具, 戀人、家人或朋友的禮物, 室內裝飾, 獲取療癒感"
2025/4/2 下午 8:16:09,女,33至40歲,台灣,與家人居住,未婚,11隻以上,每天多次,"攜帶上班上學, 攜帶參加活動(如Cosplay活動/馬拉松), 攜帶出門, 餵食, 日常聊天, 傾訴心事、秘密、煩惱, 為其取名並賦予性格, 為娃娃與娃娃組織家庭, 為娃娃穿衣服, 娃娃與娃娃互相聊天/接觸, 拍照分享至社交平台, 扮演場景, 抱抱/蹭蹭/吸吸, 出門前為娃娃蓋被被, 國內旅行, 出國旅行, 同一張被子下陪睡, 讓娃娃以乘客姿態坐在自己駕駛/乘搭的交通工具上(不限私家車/機車/單車/公車/計程車/飛機)",有點在意，但是還好,"朋友, 家人, 寵物, 夥伴, 同輩, 下一代/子女, 收藏品","媽媽/爸爸, 哥哥/姐姐, 人類, 主人",同意,同意,不同意,同意,經常,同意,沒特別想法,沒意見,沒意見,同意,同意,同意,沒意見,沒有，也沒養寵物的打算,沒有，尚未決定,有,沒有想法,同意，降低養寵物意願,有，暫時還沒想到該怎麼辦,沒考慮過,好玩，有個伴,還沒考慮，順其自然,,,不能把自己的不如意出氣在玩具上,不用了謝謝 いいえ、結構,在某種程度上被理解,在某種程度上被理解,"兒童的玩具, 戀人、家人或朋友的禮物, 室內裝飾, 獲取療癒感, 心理治療"
2025/4/2 下午 8:29:09,男,33至40歲,台灣,與伴侶或配偶同住,未婚,11隻以上,每天多次,"為其取名並賦予性格, 娃娃與娃娃互相聊天/接觸, 抱抱/蹭蹭/吸吸, 出門前為娃娃蓋被被, 國內旅行, 同一張被子下陪睡",因為覺得害羞/丟臉所以都偷偷地做,"朋友, 家人, 寵物, 夥伴",媽媽/爸爸,沒特別想法,沒特別想法,沒特別想法,沒特別想法/沒在這樣做,經常,沒特別想法,不同意,同意,沒意見,同意,同意,同意,同意,有,沒有，也沒有生小孩的打算,沒有,本來就沒有想生小孩,不同意，兩者需求性質不同,沒考慮過,沒考慮過,現代人生活壓力大需要舒壓,,,,,不用了謝謝 いいえ、結構,有點稀奇，給人只有特定人士才會這樣做的印象,有點稀奇，給人只有特定人士才會這樣做的印象,"兒童的玩具, 戀人、家人或朋友的禮物, 室內裝飾, 獲取療癒感, 心理治療"
2025/4/2 下午 8:33:57,女,18至25歲,台灣,與室友同住或與他人合租,未婚,4至6隻,每天多次,"攜帶上班上學, 攜帶出門, 日常聊天, 為其取名並賦予性格, 為娃娃與娃娃組織家庭, 娃娃與娃娃互相聊天/接觸, 拍照分享至社交平台, 扮演場景, 抱抱/蹭蹭/吸吸, 出門前為娃娃蓋被被, 國內旅行, 同一張被子下陪睡",有點在意，但是還好,"朋友, 家人, 夥伴",主人,同意,同意,同意,沒特別想法/沒在這樣做,經常,同意,同意,沒意見,同意,同意,同意,同意,同意,沒有，也沒養寵物的打算,沒有，也沒有生小孩的打算,沒有,本來就沒有想生小孩,本來就沒有想養寵物,有，跟我一起火化/埋葬,相信,,,,,,不用了謝謝 いいえ、結構,有點稀奇，給人只有特定人士才會這樣做的印象,會被認為是不自然的,"兒童的玩具, 戀人、家人或朋友的禮物, 室內裝飾, 心理治療"
2025/4/2 下午 8:38:32,女,18至25歲,台灣,與室友同住或與他人合租,未婚,1至3隻,每天多次,"抱抱/蹭蹭/吸吸, 出門前為娃娃蓋被被, 同一張被子下陪睡",有點在意，但是還好,"家人, 寵物",媽媽/爸爸,同意,同意,沒特別想法,同意,有時,同意,同意,同意,同意,同意,同意,同意,同意,沒有，但有養寵物的打算,沒有，也沒有生小孩的打算,有,本來就沒有想生小孩,部分同意,沒考慮過,沒考慮過,可愛 請繼續保持,,,,,不用了謝謝 いいえ、結構,在某種程度上被理解,很普遍，並不特別稀奇,獲取療癒感
2025/4/2 下午 8:38:57,女,41至48歲,香港,和家人住，但伴侶,未婚,7至10隻,每天多次,"攜帶上班上學, 攜帶參加活動(如Cosplay活動/馬拉松), 攜帶出門, 傾訴心事、秘密、煩惱, 為其取名並賦予性格, 為娃娃穿衣服, 拍照分享至社交平台, 抱抱/蹭蹭/吸吸, 國內旅行, 出國旅行, 讓娃娃以乘客姿態坐在自己駕駛/乘搭的交通工具上(不限私家車/機車/單車/公車/計程車/飛機)",完全不在意,夥伴,媽媽/爸爸,同意,沒特別想法,沒特別想法,同意,經常,同意,不同意,不同意,同意,沒意見,同意,同意,沒意見,沒有，也沒養寵物的打算,沒有，也沒有生小孩的打算,沒有,不同意，兩者需求性質不同,不同意，兩者需求性質不同,有，跟我一起火化/埋葬,沒考慮過,自己喜歡就好,,,,,不用了謝謝 いいえ、結構,很普遍，並不特別稀奇,很普遍，並不特別稀奇,"兒童的玩具, 戀人、家人或朋友的禮物, 室內裝飾, 時尚單品"
2025/4/2 下午 8:41:18,女,18歲以下,香港,與室友同住或與他人合租,未婚,1至3隻,每天多次,"攜帶上班上學, 攜帶出門, 日常聊天, 傾訴心事、秘密、煩惱, 為其取名並賦予性格, 為娃娃穿衣服, 娃娃與娃娃互相聊天/接觸, 拍照分享至社交平台, 抱抱/蹭蹭/吸吸, 出門前為娃娃蓋被被, 國內旅行, 出國旅行, 同一張被子下陪睡",完全不在意,"朋友, 家人, 夥伴, 下一代/子女, 收藏品",主人,同意,同意,同意,沒特別想法/沒在這樣做,經常,同意,同意,同意,同意,同意,同意,同意,同意,有,沒有，也沒有生小孩的打算,沒有,本來就沒有想生小孩,不同意，兩者需求性質不同,有，跟我一起火化/埋葬,相信,,,,,,不用了謝謝 いいえ、結構,在某種程度上被理解,很普遍，並不特別稀奇,"兒童的玩具, 戀人、家人或朋友的禮物"
2025/4/2 下午 8:41:39,女,18至25歲,台灣,與家人合住,未婚,11隻以上,每天多次,"日常聊天, 傾訴心事、秘密、煩惱, 為娃娃穿衣服, 娃娃與娃娃互相聊天/接觸, 拍照分享至社交平台, 抱抱/蹭蹭/吸吸, 出門前為娃娃蓋被被, 國內旅行, 出國旅行, 同一張被子下陪睡, 讓娃娃以乘客姿態坐在自己駕駛/乘搭的交通工具上(不限私家車/機車/單車/公車/計程車/飛機)",有點在意，但是還好,"家人, 夥伴",哥哥/姐姐,同意,同意,沒特別想法,同意,經常,同意,同意,不同意,沒意見,同意,同意,同意,同意,沒有，也沒養寵物的打算,沒有，也沒有生小孩的打算,有,本來就沒有想生小孩,同意，降低養寵物意願,有，跟我一起火化/埋葬,沒考慮過,可愛！支持！多養！春秋不掉毛，不吃飯不上廁所，永遠都很可愛超讚的。,,https://drive.google.com/open?id=1Og5oj7Dl4eDG-HPBu8tcmdDUC-JEE5y4,神棍熊熊欸！,他們超棒,可以 いいね,很普遍，並不特別稀奇,在某種程度上被理解,"兒童的玩具, 戀人、家人或朋友的禮物, 室內裝飾, 時尚單品, 獲取療癒感, 心理治療"
2025/4/2 下午 8:41:50,男,41至48歲,香港,與伴侶或配偶同住,已婚,11隻以上,每天多次,"攜帶上班上學, 餵食, 為其取名並賦予性格, 出國旅行, 讓娃娃以乘客姿態坐在自己駕駛/乘搭的交通工具上(不限私家車/機車/單車/公車/計程車/飛機)",完全不在意,"朋友, 寵物, 夥伴, 下一代/子女, 收藏品",人類,沒特別想法,同意,同意,同意,有時,同意,同意,同意,同意,同意,同意,同意,同意,沒有，但有養寵物的打算,沒有，也沒有生小孩的打算,有,部分同意,不同意，兩者需求性質不同,有，暫時還沒想到該怎麼辦,沒考慮過,,,https://drive.google.com/open?id=1bnJ4hv8YvarTE2ReYm6J7aAdBPCY_qls,,找我慢慢同您傾,可以 いいね,在某種程度上被理解,很普遍，並不特別稀奇,"兒童的玩具, 戀人、家人或朋友的禮物, 獲取療癒感, 心理治療"
2025/4/2 下午 8:42:15,女,26至33歲,台灣,住家裡,未婚,1至3隻,每天多次,"攜帶參加活動(如Cosplay活動/馬拉松), 攜帶出門, 日常聊天, 為其取名並賦予性格, 為娃娃穿衣服, 娃娃與娃娃互相聊天/接觸, 拍照分享至社交平台, 扮演場景, 抱抱/蹭蹭/吸吸, 出門前為娃娃蓋被被, 國內旅行, 同一張被子下陪睡",有點在意，但是還好,"家人, 夥伴",人類,同意,同意,沒特別想法,沒特別想法/沒在這樣做,經常,同意,同意,不同意,同意,同意,同意,同意,沒意見,沒有，但有養寵物的打算,沒有，也沒有生小孩的打算,有,本來就沒有想生小孩,部分同意,沒考慮過,沒考慮過,對身心病患頗有幫助,,,,,不用了謝謝 いいえ、結構,很普遍，並不特別稀奇,在某種程度上被理解,"兒童的玩具, 戀人、家人或朋友的禮物, 室內裝飾, 獲取療癒感, 心理治療"
2025/4/2 下午 8:48:52,女,26至33歲,台灣,與父母同住,未婚,4至6隻,每天多次,"餵食, 日常聊天, 傾訴心事、秘密、煩惱, 為其取名並賦予性格, 為娃娃穿衣服, 娃娃與娃娃互相聊天/接觸, 扮演場景, 抱抱/蹭蹭/吸吸, 出門前為娃娃蓋被被, 同一張被子下陪睡",有點在意，但是還好,"朋友, 家人, 夥伴, 同輩, 下一代/子女","媽媽/爸爸, 人類",同意,同意,同意,沒特別想法/沒在這樣做,經常,同意,同意,同意,同意,同意,同意,同意,同意,沒有，也沒養寵物的打算,沒有，也沒有生小孩的打算,沒有,不同意，兩者需求性質不同,本來就沒有想養寵物,有，跟我一起火化/埋葬,相信,很開心世界上有一群人跟我一樣快樂的與娃娃相處，也讓我看到更多與娃娃可愛的互動,因為有現實考量（例如娃娃太大太多無法一起火化），比較沒那麼糾結我死後他的安排（隨緣），我相信他的靈魂與我同在；但反而我更擔心他會比我先早一步死掉（損壞或消失）,,,雖然不是每個人都能理解娃娃彷彿是有生命般的存在，但他們是真真實實的陪伴與療癒了我，讓我有更多的力量面對生活的每一天，並擁有更多的快樂！,不用了謝謝 いいえ、結構,在某種程度上被理解,有點稀奇，給人只有特定人士才會這樣做的印象,"兒童的玩具, 戀人、家人或朋友的禮物, 室內裝飾, 獲取療癒感, 心理治療"
2025/4/2 下午 8:49:43,男,26至33歲,香港,獨居,未婚,沒有,,,,,,,,,,,,,,,,,,,,,,,,,,,,,,,,在某種程度上被理解,在某種程度上被理解,"兒童的玩具, 戀人、家人或朋友的禮物, 室內裝飾, 時尚單品, 獲取療癒感"
2025/4/2 下午 8:51:18,女,49歲以上,香港,與室友同住或與他人合租,未婚,11隻以上,偶爾,"攜帶上班上學, 攜帶參加活動(如Cosplay活動/馬拉松), 攜帶出門, 為其取名並賦予性格, 為娃娃與娃娃組織家庭, 為娃娃穿衣服, 拍照分享至社交平台, 扮演場景, 抱抱/蹭蹭/吸吸, 出門前為娃娃蓋被被, 出國旅行, 同一張被子下陪睡",完全不在意,"夥伴, 下一代/子女, 收藏品",人類,同意,沒特別想法,沒特別想法,同意,有時,同意,沒特別想法,沒意見,不同意,不同意,同意,沒意見,沒意見,沒有，也沒養寵物的打算,沒有，也沒有生小孩的打算,有,沒有想法,不同意，兩者需求性質不同,有，交托給親友,沒考慮過,,,,,,不用了謝謝 いいえ、結構,在某種程度上被理解,有點稀奇，給人只有特定人士才會這樣做的印象,"兒童的玩具, 戀人、家人或朋友的禮物, 室內裝飾, 時尚單品, 心理治療"
2025/4/2 下午 8:51:53,女,33至40歲,台灣,與伴侶或配偶同住,已婚,11隻以上,每天多次,"攜帶出門, 日常聊天, 傾訴心事、秘密、煩惱, 為其取名並賦予性格, 為娃娃與娃娃組織家庭, 娃娃與娃娃互相聊天/接觸, 拍照分享至社交平台, 扮演場景, 抱抱/蹭蹭/吸吸, 出門前為娃娃蓋被被, 國內旅行, 出國旅行, 同一張被子下陪睡",有點在意，但是還好,"朋友, 家人",媽媽/爸爸,同意,同意,同意,同意,經常,同意,同意,同意,同意,同意,同意,同意,同意,有,沒有，但有生小孩的打算,沒有,不同意，兩者需求性質不同,不同意，兩者需求性質不同,有，跟我一起火化/埋葬,相信,,,,,,可以 いいね,在某種程度上被理解,在某種程度上被理解,"兒童的玩具, 戀人、家人或朋友的禮物, 獲取療癒感, 心理治療"
2025/4/2 下午 8:54:02,女,26至33歲,香港,家人同住,未婚,1至3隻,每天多次,"日常聊天, 為其取名並賦予性格, 抱抱/蹭蹭/吸吸, 出門前為娃娃蓋被被, 同一張被子下陪睡",因為覺得害羞/丟臉所以都偷偷地做,家人,"人類, 主人",同意,同意,同意,沒特別想法/沒在這樣做,經常,同意,同意,同意,同意,同意,同意,同意,同意,沒有，也沒養寵物的打算,沒有，也沒有生小孩的打算,有,本來就沒有想生小孩,本來就沒有想養寵物,有，暫時還沒想到該怎麼辦,相信,,,,,,不用了謝謝 いいえ、結構,很普遍，並不特別稀奇,很普遍，並不特別稀奇,"兒童的玩具, 室內裝飾"
2025/4/2 下午 9:00:03,女,41至48歲,台灣,與伴侶或配偶同住,已婚,1至3隻,每周數次,"攜帶出門, 為娃娃穿衣服, 拍照分享至社交平台, 扮演場景, 國內旅行, 出國旅行, 讓娃娃以乘客姿態坐在自己駕駛/乘搭的交通工具上(不限私家車/機車/單車/公車/計程車/飛機)",完全不在意,"朋友, 家人, 夥伴","媽媽/爸爸, 哥哥/姐姐",同意,同意,沒特別想法,同意,有時,同意,沒特別想法,同意,同意,同意,同意,同意,同意,沒有，也沒養寵物的打算,沒有，也沒有生小孩的打算,有,沒有想法,本來就沒有想養寵物,有，跟我一起火化/埋葬,相信,,,,照片檔上傳不了有點可惜,,不用了謝謝 いいえ、結構,在某種程度上被理解,在某種程度上被理解,"兒童的玩具, 戀人、家人或朋友的禮物, 室內裝飾, 時尚單品, 獲取療癒感"
2025/4/2 下午 9:03:48,女,26至33歲,台灣,跟家人一起住,未婚,1至3隻,每天多次,"傾訴心事、秘密、煩惱, 娃娃與娃娃互相聊天/接觸, 拍照分享至社交平台, 抱抱/蹭蹭/吸吸, 出門前為娃娃蓋被被, 同一張被子下陪睡",有點在意，但是還好,家人,沒有任何稱呼,同意,同意,同意,同意,經常,同意,同意,同意,同意,同意,同意,同意,同意,有,沒有，也沒有生小孩的打算,有，我有加入鯊魚俱樂部，就是看到大家都有鯊鯊，很可愛忍不住，最後買了一大一小的鯊鯊。,本來就沒有想生小孩,不同意，兩者需求性質不同,有，暫時還沒想到該怎麼辦,相信,,還沒有想法，我家裡的娃娃太多了,"https://drive.google.com/open?id=1qICmwJ5T6Yp0Lau5yyoJCCrjyLoD9XKd, https://drive.google.com/open?id=1Dq4fGU1df1_m5yVZCauaaJ_bZ2zxVtI6",2024.01.01新年快樂，娃娃們聚在一起拍照 / 第二張，給娃娃戴上我的眼鏡，覺得很可愛就拍下來,,不好意思，因本人很害羞，可能沒辦法@@,在某種程度上被理解,很普遍，並不特別稀奇,"兒童的玩具, 戀人、家人或朋友的禮物, 室內裝飾, 獲取療癒感"
2025/4/2 下午 9:05:26,男,26至33歲,台灣,獨居,未婚,7至10隻,每天多次,"為其取名並賦予性格, 抱抱/蹭蹭/吸吸, 同一張被子下陪睡",完全不在意,夥伴,"人類, 主人",同意,同意,沒特別想法,沒特別想法/沒在這樣做,經常,同意,同意,同意,沒意見,同意,同意,同意,同意,有,沒有，但有生小孩的打算,有,不同意，兩者需求性質不同,不同意，兩者需求性質不同,有，跟我一起火化/埋葬,相信,有娃娃不該只是小朋友的專利,,,,,看情況,會被認為是不自然的,會被認為是不自然的,兒童的玩具
2025/4/2 下午 9:11:49,男,18至25歲,台灣,獨居,未婚,4至6隻,每天多次,"攜帶出門, 日常聊天, 為其取名並賦予性格, 為娃娃與娃娃組織家庭, 娃娃與娃娃互相聊天/接觸, 抱抱/蹭蹭/吸吸, 出門前為娃娃蓋被被, 同一張被子下陪睡, 讓娃娃以乘客姿態坐在自己駕駛/乘搭的交通工具上(不限私家車/機車/單車/公車/計程車/飛機)",完全不在意,"朋友, 夥伴",媽媽/爸爸,同意,同意,沒特別想法,沒特別想法/沒在這樣做,經常,同意,同意,同意,同意,同意,同意,同意,同意,沒有，也沒養寵物的打算,沒有，也沒有生小孩的打算,有,同意，降低生育意願,同意，降低養寵物意願,有，交托給親友,相信,沒什麼想法，個人都會有個人的興趣或喜愛的事物，鯊魚娃娃也是其中一種不錯的愛好,交給親友拜託他們好好照顧，火化就不用跟了,https://drive.google.com/open?id=1Z5KPzaEHBYJ32N2qecGbErhqB-gQqvSh,他們剛洗好澡，上頂樓去曬曬太陽,,可以 いいね,在某種程度上被理解,很普遍，並不特別稀奇,"兒童的玩具, 戀人、家人或朋友的禮物, 獲取療癒感"
2025/4/2 下午 9:21:32,女,18至25歲,香港,和家人住,未婚,11隻以上,每天多次,"攜帶出門, 日常聊天, 傾訴心事、秘密、煩惱, 為其取名並賦予性格, 為娃娃穿衣服, 娃娃與娃娃互相聊天/接觸, 拍照分享至社交平台, 扮演場景, 抱抱/蹭蹭/吸吸, 出國旅行, 同一張被子下陪睡",完全不在意,"朋友, 家人, 夥伴, 同輩",肥婆,同意,同意,同意,沒特別想法/沒在這樣做,經常,同意,同意,不同意,同意,同意,同意,同意,同意,沒有，但有養寵物的打算,沒有，尚未決定,有,沒有想法,同意，降低養寵物意願,有，跟我一起火化/埋葬,沒考慮過,自己喜歡就好,,"https://drive.google.com/open?id=1YzR6JRsfRbO8wimf_0bMNakg02gE26gA, https://drive.google.com/open?id=10ymzONvkxY4yNnbZHdA0koBuyA0_m4cq",,,不用了謝謝 いいえ、結構,很普遍，並不特別稀奇,很普遍，並不特別稀奇,"兒童的玩具, 戀人、家人或朋友的禮物, 室內裝飾, 時尚單品, 獲取療癒感, 心理治療"
2025/4/2 下午 9:24:06,男,26至33歲,台灣,獨居,未婚,4至6隻,每天多次,"餵食, 日常聊天, 傾訴心事、秘密、煩惱, 為其取名並賦予性格, 為娃娃與娃娃組織家庭, 娃娃與娃娃互相聊天/接觸, 拍照分享至社交平台, 抱抱/蹭蹭/吸吸, 出門前為娃娃蓋被被, 國內旅行, 出國旅行, 同一張被子下陪睡, 讓娃娃以乘客姿態坐在自己駕駛/乘搭的交通工具上(不限私家車/機車/單車/公車/計程車/飛機)",有點在意，但是還好,"朋友, 家人, 寵物","人類, 主人",同意,同意,同意,同意,經常,同意,同意,同意,同意,同意,同意,同意,同意,沒有，也沒養寵物的打算,沒有，但有生小孩的打算,有,不同意，兩者需求性質不同,同意，降低養寵物意願,有，暫時還沒想到該怎麼辦,相信,,,,,,不用了謝謝 いいえ、結構,在某種程度上被理解,在某種程度上被理解,"兒童的玩具, 戀人、家人或朋友的禮物, 獲取療癒感, 心理治療"
2025/4/2 下午 9:24:21,女,26至33歲,台灣,獨居,未婚,11隻以上,偶爾,"攜帶出門, 為其取名並賦予性格, 拍照分享至社交平台, 抱抱/蹭蹭/吸吸, 讓娃娃以乘客姿態坐在自己駕駛/乘搭的交通工具上(不限私家車/機車/單車/公車/計程車/飛機)",有點在意，但是還好,"寵物, 下一代/子女",人類,同意,同意,沒特別想法,同意,經常,同意,同意,沒意見,同意,同意,同意,同意,沒意見,有,沒有，也沒有生小孩的打算,有,不同意，兩者需求性質不同,不同意，兩者需求性質不同,沒考慮過,不相信,,,,,,不用了謝謝 いいえ、結構,很普遍，並不特別稀奇,很普遍，並不特別稀奇,"兒童的玩具, 戀人、家人或朋友的禮物, 室內裝飾, 獲取療癒感, 心理治療"
2025/4/2 下午 9:25:46,男,18至25歲,台灣,與家人同住,未婚,4至6隻,每天多次,"日常聊天, 傾訴心事、秘密、煩惱, 為其取名並賦予性格, 抱抱/蹭蹭/吸吸, 出門前為娃娃蓋被被, 同一張被子下陪睡",完全不在意,"朋友, 家人, 夥伴","媽媽/爸爸, 主人",同意,同意,不同意,沒特別想法/沒在這樣做,經常,同意,沒特別想法,同意,同意,同意,沒意見,同意,同意,沒有，但有養寵物的打算,沒有，也沒有生小孩的打算,有,本來就沒有想生小孩,不同意，兩者需求性質不同,沒考慮過,沒考慮過,,,,,,,很普遍，並不特別稀奇,很普遍，並不特別稀奇,"兒童的玩具, 戀人、家人或朋友的禮物, 室內裝飾, 獲取療癒感, 心理治療"
2025/4/2 下午 9:31:57,女,33至40歲,香港,獨居,已婚,11隻以上,每天多次,"攜帶參加活動(如Cosplay活動/馬拉松), 餵食, 日常聊天, 為其取名並賦予性格, 為娃娃穿衣服, 娃娃與娃娃互相聊天/接觸, 拍照分享至社交平台, 抱抱/蹭蹭/吸吸, 出門前為娃娃蓋被被, 出國旅行, 同一張被子下陪睡, 讓娃娃以乘客姿態坐在自己駕駛/乘搭的交通工具上(不限私家車/機車/單車/公車/計程車/飛機)",有點在意，但是還好,"朋友, 家人, 下一代/子女",媽媽/爸爸,同意,同意,同意,同意,經常,同意,同意,同意,同意,同意,同意,同意,同意,沒有，也沒養寵物的打算,沒有，也沒有生小孩的打算,沒有,不同意，兩者需求性質不同,本來就沒有想養寵物,有，交托給親友,相信,,,"https://drive.google.com/open?id=1y5-Aa_IobHbN2paS1XXBZEdinc_Jrn_8, https://drive.google.com/open?id=1rcj45IWutFcNzMdCBsGhpxocDEl3nbNp, https://drive.google.com/open?id=1yPgrxue1EMoLtJfK0G_bx8oIunWr6yhB, https://drive.google.com/open?id=1GDT2ehBeVkAvgJGIApiBOS5H4ndpRCW3, https://drive.google.com/open?id=10II5AgnXbyPdLrpMrgO5wHvhJKGnvuxi, https://drive.google.com/open?id=1eoRaHgAZXhSk24PdL_FTeJ6IJbmd2tfC",鯊魚也要社交,安心信賴好伙伴,可以 いいね,會被認為是不自然的,會被認為是不自然的,兒童的玩具
2025/4/2 下午 9:49:29,男,18至25歲,台灣,與伴侶或配偶同住,未婚,1至3隻,幾乎沒有,無,有點在意，但是還好,收藏品,無,沒特別想法,沒特別想法,沒特別想法,沒特別想法/沒在這樣做,有時,同意,沒特別想法,不同意,不同意,沒意見,同意,沒意見,沒意見,沒有，但有養寵物的打算,沒有，也沒有生小孩的打算,沒有,本來就沒有想生小孩,不同意，兩者需求性質不同,沒考慮過,不相信,尊重個人喜好,送給伴侶,,,,不用了謝謝 いいえ、結構,在某種程度上被理解,有點稀奇，給人只有特定人士才會這樣做的印象,"兒童的玩具, 戀人、家人或朋友的禮物, 室內裝飾, 時尚單品"
2025/4/2 下午 9:50:22,女,18至25歲,香港,與室友同住或與他人合租,未婚,11隻以上,每天多次,"為其取名並賦予性格, 為娃娃穿衣服, 娃娃與娃娃互相聊天/接觸, 拍照分享至社交平台, 扮演場景, 國內旅行, 出國旅行, 讓娃娃以乘客姿態坐在自己駕駛/乘搭的交通工具上(不限私家車/機車/單車/公車/計程車/飛機)",有點在意，但是還好,"寵物, 收藏品",,同意,同意,沒特別想法,同意,經常,同意,同意,不同意,同意,同意,同意,同意,沒意見,有,沒有，也沒有生小孩的打算,有,不同意，兩者需求性質不同,沒有想法,有，暫時還沒想到該怎麼辦,沒考慮過,,,,,,不用了謝謝 いいえ、結構,很普遍，並不特別稀奇,很普遍，並不特別稀奇,"兒童的玩具, 戀人、家人或朋友的禮物, 室內裝飾, 時尚單品, 獲取療癒感, 心理治療"
2025/4/2 下午 9:52:01,女,18至25歲,台灣,獨居,未婚,1至3隻,每天1次,"攜帶出門, 日常聊天, 為娃娃與娃娃組織家庭, 拍照分享至社交平台, 抱抱/蹭蹭/吸吸, 出門前為娃娃蓋被被, 國內旅行, 同一張被子下陪睡",有點在意，但是還好,"朋友, 家人, 寵物, 下一代/子女","媽媽/爸爸, 人類",同意,同意,沒特別想法,同意,有時,同意,不同意,同意,沒意見,沒意見,同意,同意,同意,沒有，也沒養寵物的打算,沒有，尚未決定,有,不同意，兩者需求性質不同,部分同意,有，交托給親友,沒考慮過,,希望家人能把他們繼續放在我的床上，不要燒掉，想像他們被燒掉的畫面實在太痛苦了,https://drive.google.com/open?id=1uqQFA5Tw8NqlNmKT04MASjGTKwytk4Qu,躺在床上的日常照,鯊鯊！鯊鯊！鯊鯊！,不用了謝謝 いいえ、結構,很普遍，並不特別稀奇,不知道/沒有概念,"兒童的玩具, 戀人、家人或朋友的禮物, 室內裝飾, 獲取療癒感"
2025/4/2 下午 9:54:32,女,18至25歲,台灣,與室友同住或與他人合租,未婚,7至10隻,每周數次,"攜帶參加活動(如Cosplay活動/馬拉松), 攜帶出門, 傾訴心事、秘密、煩惱, 為其取名並賦予性格, 為娃娃穿衣服, 拍照分享至社交平台, 抱抱/蹭蹭/吸吸, 出門前為娃娃蓋被被, 國內旅行, 出國旅行, 同一張被子下陪睡, 讓娃娃以乘客姿態坐在自己駕駛/乘搭的交通工具上(不限私家車/機車/單車/公車/計程車/飛機)",完全不在意,"朋友, 家人, 夥伴, 收藏品",很遺憾，我還沒學會它們的語言。但我猜可能是姐姐或主人。,同意,同意,沒特別想法,沒特別想法/沒在這樣做,經常,同意,同意,沒意見,同意,同意,同意,同意,同意,沒有，但有養寵物的打算,沒有，也沒有生小孩的打算,沒有,不同意，兩者需求性質不同,不同意，兩者需求性質不同,有，跟我一起火化/埋葬,相信,很高興娃娃不再是只屬於小孩的玩具，就算成年也可以從娃娃獲得喜悅,,https://drive.google.com/open?id=122XA8rHkh4Bcbuk6KUT9vhLea1-7TVPR,把手鏈改成貓貓的項鍊，讓它成為魔法少女喵,,可以 いいね,在某種程度上被理解,有點稀奇，給人只有特定人士才會這樣做的印象,"兒童的玩具, 戀人、家人或朋友的禮物, 室內裝飾, 獲取療癒感, 心理治療"
2025/4/2 下午 10:03:43,男,18歲以下,台灣,家人,未婚,11隻以上,每天多次,"攜帶上班上學, 攜帶參加活動(如Cosplay活動/馬拉松), 攜帶出門, 餵食, 為其取名並賦予性格, 為娃娃與娃娃組織家庭, 為娃娃穿衣服, 拍照分享至社交平台, 抱抱/蹭蹭/吸吸, 國內旅行, 出國旅行, 同一張被子下陪睡, 讓娃娃以乘客姿態坐在自己駕駛/乘搭的交通工具上(不限私家車/機車/單車/公車/計程車/飛機)",完全不在意,家人,哥哥/姐姐,沒特別想法,同意,沒特別想法,同意,經常,同意,同意,同意,同意,同意,同意,同意,同意,有,沒有，但有生小孩的打算,有,沒有想法,不同意，兩者需求性質不同,沒考慮過,沒考慮過,就是多幾個家人,,"https://drive.google.com/open?id=1YON70_4nwDZZniBzbo5XWXrfSJ9PCifF, https://drive.google.com/open?id=1-WCAPAySHyIMruebFUhPN3uQPs3-i-tj, https://drive.google.com/open?id=1E1jhSwLFJoSmPSyb_3InA5ITxz-aJyO9, https://drive.google.com/open?id=1m7wICagzWZiMEJTebAYYItxk6cAgKmrm, https://drive.google.com/open?id=1QWGwfFyz1hBXTl4gI-7o4u5599JAWpkl, https://drive.google.com/open?id=1l-a2uqHzamh_pKllvCFPxmNN5RuJ79of, https://drive.google.com/open?id=1qvTy4XHBYJvHAXIg8_PFQ45k5UmAfzXV, https://drive.google.com/open?id=1ngBRFoidUV1Pl3qpQ-6f4zIo28F7VnJ6","帶鯊鯊出遊（賞花/吃東西/慶生/出國）
跟其他布偶互動
跟網友（鯊魚）見面",鯊魚是家人（弟弟），每隻都有自己的個性,主人未成年，不露臉，可以書面訪問。,很普遍，並不特別稀奇,很普遍，並不特別稀奇,"兒童的玩具, 戀人、家人或朋友的禮物, 室內裝飾, 獲取療癒感, 心理治療"
2025/4/2 下午 10:06:53,女,18至25歲,馬來西亞,與父母同住,未婚,4至6隻,每天多次,"日常聊天, 為其取名並賦予性格, 為娃娃與娃娃組織家庭, 為娃娃穿衣服, 娃娃與娃娃互相聊天/接觸, 拍照分享至社交平台, 抱抱/蹭蹭/吸吸, 出門前為娃娃蓋被被, 國內旅行, 出國旅行, 同一張被子下陪睡",完全不在意,"朋友, 家人, 寵物, 夥伴",媽媽/爸爸,同意,同意,同意,還好欸，我就分享爽的,經常,同意,同意,同意,同意,同意,同意,同意,同意,沒有，但有養寵物的打算,沒有，也沒有生小孩的打算,沒有,本來就沒有想生小孩,不同意，兩者需求性質不同,有，跟我一起火化/埋葬,沒考慮過,,帶它們一起陪我埋葬，不然就捐給孤兒院讓他們傳承我的娃娃🥹不過更偏向於前者啦,,,娃娃全世界最棒，沒有人離得開娃娃,不用了謝謝 いいえ、結構,很普遍，並不特別稀奇,有點稀奇，給人只有特定人士才會這樣做的印象,兒童的玩具
2025/4/2 下午 10:09:47,女,18至25歲,台灣,與室友同住或與他人合租,未婚,1至3隻,每天多次,"攜帶出門, 傾訴心事、秘密、煩惱, 為其取名並賦予性格, 抱抱/蹭蹭/吸吸, 國內旅行, 同一張被子下陪睡",因為覺得害羞/丟臉所以都偷偷地做,朋友,人類,同意,同意,沒特別想法,不同意,經常,同意,同意,不同意,同意,同意,同意,同意,沒意見,沒有，但有養寵物的打算,沒有，也沒有生小孩的打算,沒有,不同意，兩者需求性質不同,不同意，兩者需求性質不同,有，跟我一起火化/埋葬,不相信,,,,,,,在某種程度上被理解,有點稀奇，給人只有特定人士才會這樣做的印象,"兒童的玩具, 戀人、家人或朋友的禮物, 室內裝飾"
2025/4/2 下午 10:11:37,男,18至25歲,台灣,與家人同住,未婚,11隻以上,每天多次,"餵食, 日常聊天, 為其取名並賦予性格, 為娃娃與娃娃組織家庭, 娃娃與娃娃互相聊天/接觸, 抱抱/蹭蹭/吸吸, 出門前為娃娃蓋被被, 同一張被子下陪睡",有點在意，但是還好,"朋友, 家人, 寵物, 下一代/子女",媽媽/爸爸,同意,同意,沒特別想法,沒特別想法/沒在這樣做,經常,同意,同意,同意,沒意見,同意,同意,同意,同意,沒有，但有養寵物的打算,沒有，尚未決定,沒有,部分同意,部分同意,有，暫時還沒想到該怎麼辦,沒考慮過,,,,,,不用了謝謝 いいえ、結構,在某種程度上被理解,在某種程度上被理解,"兒童的玩具, 戀人、家人或朋友的禮物, 室內裝飾, 獲取療癒感"
2025/4/2 下午 10:14:34,非二元,18至25歲,台灣,與家人同住,未婚,11隻以上,每天多次,"攜帶上班上學, 攜帶出門, 餵食, 日常聊天, 為其取名並賦予性格, 為娃娃穿衣服, 娃娃與娃娃互相聊天/接觸, 抱抱/蹭蹭/吸吸, 出門前為娃娃蓋被被, 同一張被子下陪睡, 讓娃娃以乘客姿態坐在自己駕駛/乘搭的交通工具上(不限私家車/機車/單車/公車/計程車/飛機)",有點在意，但是還好,"朋友, 家人, 夥伴",人類,同意,同意,同意,沒特別想法/沒在這樣做,經常,同意,同意,同意,同意,同意,同意,同意,同意,沒有，也沒養寵物的打算,沒有，也沒有生小孩的打算,有,本來就沒有想生小孩,部分同意,有，暫時還沒想到該怎麼辦,相信,,,,,,,有點稀奇，給人只有特定人士才會這樣做的印象,有點稀奇，給人只有特定人士才會這樣做的印象,"兒童的玩具, 室內裝飾, 獲取療癒感, 心理治療"
2025/4/2 下午 10:21:11,女,18至25歲,台灣,與室友同住或與他人合租,未婚,11隻以上,每天多次,"為娃娃穿衣服, 拍照分享至社交平台, 抱抱/蹭蹭/吸吸, 出門前為娃娃蓋被被, 國內旅行, 同一張被子下陪睡, 每天都抱著鯊鯊睡覺",完全不在意,"朋友, 家人, 收藏品",沒有,同意,同意,不同意,還好，只是想讓別人看看我家鯊鯊的可愛,有時,不同意,同意,不同意,不同意,不同意,同意,同意,同意,沒有，但有養寵物的打算,沒有，也沒有生小孩的打算,沒有,本來就沒有想生小孩,部分同意,有，交托給親友,沒考慮過,不是什麼不好意思說出口的事，但是家人會覺得有點太誇張了，有點幼稚，因為我在家會一直抱著鯊鯊，甚至覺得我精神也許有問題（？,希望他能去陪伴其他主人，為他人帶人慰藉,https://drive.google.com/open?id=1Rv0pvYBhDOmpLc08T6yukPrPmeLkwJ_t,包成壽司型睡覺模式,,不用了謝謝 いいえ、結構,很普遍，並不特別稀奇,在某種程度上被理解,"兒童的玩具, 戀人、家人或朋友的禮物, 獲取療癒感, 心理治療"
2025/4/2 下午 10:33:15,女,18至25歲,台灣,與室友同住或與他人合租,未婚,1至3隻,每天1次,"攜帶參加活動(如Cosplay活動/馬拉松), 拍照分享至社交平台, 扮演場景, 抱抱/蹭蹭/吸吸, 出門前為娃娃蓋被被, 國內旅行, 出國旅行, 同一張被子下陪睡",完全不在意,"朋友, 家人, 夥伴, 下一代/子女, 收藏品","媽媽/爸爸, 哥哥/姐姐",同意,同意,沒特別想法,沒特別想法/沒在這樣做,有時,同意,同意,沒意見,不同意,同意,同意,同意,沒意見,沒有，但有養寵物的打算,沒有，尚未決定,沒有,不同意，兩者需求性質不同,部分同意,有，跟我一起火化/埋葬,相信,不確定是不是小眾,把他們包好放在我的骨灰罈旁邊,,,,不用了謝謝 いいえ、結構,在某種程度上被理解,在某種程度上被理解,"兒童的玩具, 戀人、家人或朋友的禮物, 室內裝飾, 獲取療癒感, 心理治療"
2025/4/2 下午 10:35:20,女,18至25歲,台灣,與室友同住或與他人合租,未婚,4至6隻,每天多次,"攜帶參加活動(如Cosplay活動/馬拉松), 攜帶出門, 日常聊天, 娃娃與娃娃互相聊天/接觸, 拍照分享至社交平台, 抱抱/蹭蹭/吸吸, 出門前為娃娃蓋被被, 國內旅行, 出國旅行, 同一張被子下陪睡, 讓娃娃以乘客姿態坐在自己駕駛/乘搭的交通工具上(不限私家車/機車/單車/公車/計程車/飛機)",有點在意，但是還好,"朋友, 家人, 夥伴",哥哥/姐姐,同意,同意,同意,同意,經常,同意,同意,沒意見,同意,同意,同意,同意,同意,沒有，但有養寵物的打算,沒有，也沒有生小孩的打算,有,不同意，兩者需求性質不同,不同意，兩者需求性質不同,有，暫時還沒想到該怎麼辦,相信,,,,,,不用了謝謝 いいえ、結構,很普遍，並不特別稀奇,很普遍，並不特別稀奇,"兒童的玩具, 戀人、家人或朋友的禮物, 室內裝飾, 時尚單品, 獲取療癒感, 心理治療"
2025/4/2 下午 10:44:15,男,18至25歲,台灣,獨居,未婚,11隻以上,每天多次,"日常聊天, 傾訴心事、秘密、煩惱, 為其取名並賦予性格, 為娃娃與娃娃組織家庭, 為娃娃穿衣服, 娃娃與娃娃互相聊天/接觸, 拍照分享至社交平台, 抱抱/蹭蹭/吸吸, 出門前為娃娃蓋被被, 國內旅行, 同一張被子下陪睡, 讓娃娃以乘客姿態坐在自己駕駛/乘搭的交通工具上(不限私家車/機車/單車/公車/計程車/飛機)",完全不在意,生命,人類,同意,同意,同意,同意,經常,同意,同意,不同意,同意,同意,同意,同意,同意,沒有，但有養寵物的打算,沒有，但有生小孩的打算,沒有,不同意，兩者需求性質不同,不同意，兩者需求性質不同,有，交托給親友,不相信,每個人都需要心靈、感情寄託，只是對象、方式不同，前者像是宗教信仰，後者像是家人、情人、朋友,以告知好朋友，若不幸去世，將其交付給朋友照顧,"https://drive.google.com/open?id=1GYf00bQzszoXZITOzgHLbU1rTNCx1dqv, https://drive.google.com/open?id=19CnWEK9SCbwulINbsHZo9lCzApV38vtr",一張是工作一天回到家打開門發現他在耍可愛。另一張則是帶他去爬玉山前峰。,,不一定 要看有沒有空,會被認為是不自然的,會被認為是不自然的,"兒童的玩具, 室內裝飾, 時尚單品, 心理治療"
2025/4/2 下午 10:45:12,女,18至25歲,香港,跟家人一起住,未婚,11隻以上,每天多次,"攜帶上班上學, 攜帶參加活動(如Cosplay活動/馬拉松), 攜帶出門, 日常聊天, 傾訴心事、秘密、煩惱, 為其取名並賦予性格, 為娃娃穿衣服, 娃娃與娃娃互相聊天/接觸, 拍照分享至社交平台, 扮演場景, 抱抱/蹭蹭/吸吸, 出門前為娃娃蓋被被, 國內旅行, 出國旅行, 同一張被子下陪睡",有點在意，但是還好,"朋友, 家人, 夥伴, 收藏品","媽媽/爸爸, 人類",同意,同意,同意,同意,經常,同意,同意,同意,同意,同意,同意,同意,同意,有,沒有，也沒有生小孩的打算,有,本來就沒有想生小孩,不同意，兩者需求性質不同,有，暫時還沒想到該怎麼辦,相信,養娃娃很像養小朋友，不過可能會越養越多娃娃喔,可能跟我葬在一起，或者交託給可以信任的人繼續照顧他們,,,有很多娃娃是很快樂的事情，娃娃軟軟的，好好抱,錄影可能不太可以，不過可以私訊問詳細一點,會被認為是不自然的,會被認為是不自然的,"兒童的玩具, 戀人、家人或朋友的禮物, 心理治療"
2025/4/2 下午 10:47:49,女,18歲以下,香港,與伴侶或配偶同住,未婚,7至10隻,每天多次,"攜帶上班上學, 為娃娃穿衣服, 拍照分享至社交平台, 抱抱/蹭蹭/吸吸, 同一張被子下陪睡",完全不在意,"朋友, 家人, 夥伴",,同意,同意,沒特別想法,沒特別想法/沒在這樣做,經常,同意,同意,沒意見,同意,同意,同意,同意,同意,有,沒有，也沒有生小孩的打算,沒有,本來就沒有想生小孩,不同意，兩者需求性質不同,有，交托給親友,沒考慮過,,,,,,,很普遍，並不特別稀奇,不知道/沒有概念,"兒童的玩具, 戀人、家人或朋友的禮物, 獲取療癒感"
2025/4/2 下午 10:53:18,男,41至48歲,加拿大,與伴侶或配偶同住,已婚,4至6隻,每天多次,"餵食, 日常聊天, 為其取名並賦予性格, 娃娃與娃娃互相聊天/接觸, 同一張被子下陪睡",有點在意，但是還好,"家人, 寵物, 下一代/子女","媽媽/爸爸, 爺爺，麻麻",同意,沒特別想法,沒特別想法,同意,有時,同意,同意,同意,同意,沒意見,同意,同意,同意,沒有，也沒養寵物的打算,有,沒有,同意，降低生育意願,本來就沒有想養寵物,有，跟我一起火化/埋葬,沒考慮過,娃娃可以百分百聽話，又免了真正飼養的問題，例如無需擔心它病了，要每日帶牠外出,給了人家，人家不會比自己更有愛心去照顧，人家只會當它是物件。我兒子說都不會幫我照顧。去到人生最後階段可能要把它人道毀滅，所以把它葬到一起就算,,,我當成寵物養,可以 いいね,有點稀奇，給人只有特定人士才會這樣做的印象,有點稀奇，給人只有特定人士才會這樣做的印象,"兒童的玩具, 戀人、家人或朋友的禮物, 獲取療癒感, 心理治療, 女孩子房間"
2025/4/2 下午 10:59:07,女,26至33歲,台灣,與伴侶或配偶同住,已婚,11隻以上,每天1次,"為其取名並賦予性格, 為娃娃與娃娃組織家庭, 娃娃與娃娃互相聊天/接觸, 抱抱/蹭蹭/吸吸, 同一張被子下陪睡",有點在意，但是還好,下一代/子女,媽媽/爸爸,同意,同意,不同意,不同意,經常,同意,同意,同意,不同意,同意,同意,同意,同意,沒有，也沒養寵物的打算,沒有，但有生小孩的打算,沒有,不同意，兩者需求性質不同,部分同意,有，跟我一起火化/埋葬,相信,從小到大的陪伴,交代好後事，一起火化,,,,不用了謝謝 いいえ、結構,很普遍，並不特別稀奇,很普遍，並不特別稀奇,"兒童的玩具, 獲取療癒感"
2025/4/2 下午 11:00:03,女,18至25歲,台灣,與室友同住或與他人合租,未婚,1至3隻,每天多次,"攜帶上班上學, 攜帶出門, 傾訴心事、秘密、煩惱, 為其取名並賦予性格, 拍照分享至社交平台, 抱抱/蹭蹭/吸吸, 出門前為娃娃蓋被被, 國內旅行, 出國旅行, 同一張被子下陪睡",完全不在意,"朋友, 家人, 寵物, 夥伴, 同輩, 收藏品","人類, 主人",同意,同意,同意,同意,經常,同意,同意,沒意見,不同意,同意,同意,同意,同意,沒有，但有養寵物的打算,沒有，也沒有生小孩的打算,沒有,本來就沒有想生小孩,不同意，兩者需求性質不同,有，跟我一起火化/埋葬,相信,,讓他們跟我一起入土或火葬,,,,不用了謝謝 いいえ、結構,很普遍，並不特別稀奇,在某種程度上被理解,"兒童的玩具, 戀人、家人或朋友的禮物, 室內裝飾, 時尚單品, 獲取療癒感, 心理治療"
2025/4/2 下午 11:01:14,女,18至25歲,台灣,與伴侶或配偶同住,未婚,1至3隻,偶爾,"攜帶出門, 為其取名並賦予性格, 為娃娃穿衣服, 拍照分享至社交平台, 抱抱/蹭蹭/吸吸, 出門前為娃娃蓋被被, 國內旅行, 同一張被子下陪睡",有點在意，但是還好,夥伴,媽媽/爸爸,沒特別想法,沒特別想法,沒特別想法,沒特別想法/沒在這樣做,有時,沒特別想法,沒特別想法,同意,沒意見,同意,同意,同意,沒意見,沒有，也沒養寵物的打算,沒有，也沒有生小孩的打算,有,本來就沒有想生小孩,不同意，兩者需求性質不同,有，跟我一起火化/埋葬,沒考慮過,,,,,,不用了謝謝 いいえ、結構,在某種程度上被理解,在某種程度上被理解,"兒童的玩具, 戀人、家人或朋友的禮物, 室內裝飾, 獲取療癒感, 心理治療"
2025/4/2 下午 11:03:13,男,26至33歲,台灣,與伴侶或配偶同住,未婚,4至6隻,每天多次,"娃娃與娃娃互相聊天/接觸, 拍照分享至社交平台, 抱抱/蹭蹭/吸吸, 同一張被子下陪睡",完全不在意,"朋友, 家人, 寵物",媽媽/爸爸,同意,同意,沒特別想法,同意,有時,同意,沒特別想法,沒意見,同意,同意,同意,同意,同意,有,沒有，但有生小孩的打算,有,部分同意,部分同意,沒考慮過,相信,,,,,,不用了謝謝 いいえ、結構,不知道/沒有概念,很普遍，並不特別稀奇,"兒童的玩具, 戀人、家人或朋友的禮物, 室內裝飾, 心理治療"
2025/4/2 下午 11:06:41,男,26至33歲,香港,獨居,未婚,1至3隻,每周數次,日常聊天,有點在意，但是還好,夥伴,人類,沒特別想法,同意,沒特別想法,沒特別想法/沒在這樣做,有時,同意,沒特別想法,不同意,同意,同意,同意,同意,沒意見,沒有，也沒養寵物的打算,沒有，也沒有生小孩的打算,有,本來就沒有想生小孩,本來就沒有想養寵物,沒考慮過,沒考慮過,,,,,,不用了謝謝 いいえ、結構,很普遍，並不特別稀奇,很普遍，並不特別稀奇,"兒童的玩具, 戀人、家人或朋友的禮物, 室內裝飾, 獲取療癒感, 心理治療"
2025/4/2 下午 11:07:36,男,18至25歲,台灣,獨居,未婚,1至3隻,偶爾,"攜帶參加活動(如Cosplay活動/馬拉松), 為娃娃穿衣服, 抱抱/蹭蹭/吸吸",如果可以的話不想被人知道,收藏品,,同意,沒特別想法,沒特別想法,沒特別想法/沒在這樣做,有時,同意,同意,沒意見,不同意,沒意見,同意,同意,沒意見,有,沒有，但有生小孩的打算,有,不同意，兩者需求性質不同,不同意，兩者需求性質不同,沒考慮過,沒考慮過,,,,,,不用了謝謝 いいえ、結構,在某種程度上被理解,有點稀奇，給人只有特定人士才會這樣做的印象,"兒童的玩具, 戀人、家人或朋友的禮物, 室內裝飾, 時尚單品, 獲取療癒感, 心理治療"
2025/4/2 下午 11:09:31,女,18至25歲,台灣,與室友同住或與他人合租,未婚,4至6隻,每天多次,"攜帶參加活動(如Cosplay活動/馬拉松), 攜帶出門, 為其取名並賦予性格, 為娃娃穿衣服, 娃娃與娃娃互相聊天/接觸, 拍照分享至社交平台, 抱抱/蹭蹭/吸吸, 國內旅行, 出國旅行, 同一張被子下陪睡, 讓娃娃以乘客姿態坐在自己駕駛/乘搭的交通工具上(不限私家車/機車/單車/公車/計程車/飛機)",有點在意，但是還好,"家人, 寵物, 收藏品",,同意,同意,同意,同意,經常,同意,同意,同意,同意,同意,同意,同意,沒意見,沒有，也沒養寵物的打算,沒有，也沒有生小孩的打算,有,本來就沒有想生小孩,沒有想法,有，跟我一起火化/埋葬,不相信,,,https://drive.google.com/open?id=1RtMNraWjcTEBjdQrekabP7U6wR0RUWOS,去大安森林公園看繡球花還有拍照,,不用了謝謝 いいえ、結構,在某種程度上被理解,不知道/沒有概念,"兒童的玩具, 戀人、家人或朋友的禮物, 室內裝飾, 獲取療癒感"
2025/4/2 下午 11:09:57,女,49歲以上,台灣,獨居,未婚,1至3隻,偶爾,"抱抱/蹭蹭/吸吸, 同一張被子下陪睡",有點在意，但是還好,家人,,同意,沒特別想法,沒特別想法,沒特別想法/沒在這樣做,很少,沒特別想法,沒特別想法,沒意見,沒意見,沒意見,同意,沒意見,沒意見,有,沒有，也沒有生小孩的打算,沒有,本來就沒有想生小孩,不同意，兩者需求性質不同,沒考慮過,沒考慮過,尊重,無,,,,不用了謝謝 いいえ、結構,不知道/沒有概念,不知道/沒有概念,"兒童的玩具, 戀人、家人或朋友的禮物, 室內裝飾, 獲取療癒感"
2025/4/2 下午 11:22:26,女,18至25歲,台灣,與家人居住,未婚,4至6隻,每天1次,"攜帶上班上學, 攜帶參加活動(如Cosplay活動/馬拉松), 攜帶出門, 為其取名並賦予性格, 為娃娃與娃娃組織家庭, 為娃娃穿衣服, 娃娃與娃娃互相聊天/接觸, 拍照分享至社交平台, 抱抱/蹭蹭/吸吸, 出門前為娃娃蓋被被, 國內旅行, 出國旅行, 同一張被子下陪睡, 讓娃娃以乘客姿態坐在自己駕駛/乘搭的交通工具上(不限私家車/機車/單車/公車/計程車/飛機)",如果可以的話不想被人知道,"寵物, 下一代/子女, 收藏品","媽媽/爸爸, 哥哥/姐姐, 人類",同意,同意,不同意,沒特別想法/沒在這樣做,經常,同意,同意,同意,同意,同意,同意,同意,同意,沒有，因為經濟能力不夠負擔寵物開銷,沒有，尚未決定,有,不同意，兩者需求性質不同,部分同意,有，暫時還沒想到該怎麼辦,相信,個人覺得因為社交平台的發達，越來越多人會展現自己的娃娃，也因為旁人會展現這件事，使得越來越多人都在養娃娃。個人同樣也會思考，是否現代人與人之間的距離是令人感到負荷的，所以大眾趨向於養娃娃來陪伴獨處時的自己。,有想過跟著我一起火化或埋葬，也有想過讓親友繼承，目前還沒有決定。,"https://drive.google.com/open?id=1Pa7T8wUDEOjUuMx3jtOKTRQf-HUVj4GA, https://drive.google.com/open?id=1U-pmhsPzwTJm5wbHcz6ivVm1fUZaxU1v, https://drive.google.com/open?id=1fieORI-FOJI5jrdlHZNeVxmSFHxkS0V6",帶著我的娃娃去阿蘇火山以及阿蘇神社的照片,我個人大部分時候在個人的社交平台上只會發表娃娃的照片而自己不露臉，某種程度上也是讓娃娃代表我自己，我在社交平台上給出了「看到我的娃娃=看到我」這樣的訊息。,若需要訪談可以接受文字訊息訪談,在年輕一輩當中是稀疏平常的事，但在老一輩人眼中可能會有一點幼稚或不成熟,在某種程度上被理解,"兒童的玩具, 獲取療癒感, 心理治療"
2025/4/2 下午 11:35:22,女,26至33歲,香港,與伴侶或配偶同住,已婚,11隻以上,每天多次,"攜帶出門, 餵食, 日常聊天, 傾訴心事、秘密、煩惱, 為其取名並賦予性格, 為娃娃與娃娃組織家庭, 為娃娃穿衣服, 娃娃與娃娃互相聊天/接觸, 扮演場景, 抱抱/蹭蹭/吸吸, 出門前為娃娃蓋被被, 國內旅行, 出國旅行, 同一張被子下陪睡",完全不在意,"朋友, 家人, 夥伴, 同輩, 下一代/子女",媽媽/爸爸,同意,同意,同意,同意,經常,同意,同意,同意,同意,同意,同意,同意,同意,沒有，但有養寵物的打算,沒有，也沒有生小孩的打算,有,本來就沒有想生小孩,沒有想法,有，暫時還沒想到該怎麼辦,相信,,,https://drive.google.com/open?id=1-oWrhVjVfwX75J2c4kKn0URNppaMOUGA,,,不用了謝謝 いいえ、結構,有點稀奇，給人只有特定人士才會這樣做的印象,有點稀奇，給人只有特定人士才會這樣做的印象,兒童的玩具
2025/4/2 下午 11:35:23,男,18至25歲,台灣,獨居,未婚,1至3隻,每天多次,抱抱/蹭蹭/吸吸,完全不在意,"朋友, 家人, 夥伴, 收藏品",無,同意,同意,不同意,沒特別想法/沒在這樣做,有時,同意,同意,沒意見,沒意見,同意,同意,同意,同意,沒有，也沒養寵物的打算,沒有，但有生小孩的打算,有,不同意，兩者需求性質不同,不同意，兩者需求性質不同,有，跟我一起火化/埋葬,相信,,,,,,,在某種程度上被理解,在某種程度上被理解,"兒童的玩具, 室內裝飾, 獲取療癒感"
2025/4/2 下午 11:35:36,女,18至25歲,台灣,跟家人住,未婚,4至6隻,每天多次,"攜帶上班上學, 攜帶參加活動(如Cosplay活動/馬拉松), 攜帶出門, 餵食, 為娃娃穿衣服, 娃娃與娃娃互相聊天/接觸, 拍照分享至社交平台, 抱抱/蹭蹭/吸吸, 出門前為娃娃蓋被被, 國內旅行, 出國旅行, 同一張被子下陪睡",有點在意，但是還好,家人,"媽媽/爸爸, 寶貝",同意,同意,同意,同意,經常,同意,同意,同意,同意,同意,同意,同意,同意,沒有，但有養寵物的打算,沒有，也沒有生小孩的打算,有,部分同意,部分同意,有，跟我一起火化/埋葬,沒考慮過,很可愛,想要娃娃陪自己下葬,"https://drive.google.com/open?id=19gp0HjINttUicbSFLDjMOUI0m0LBNzXk, https://drive.google.com/open?id=1J3ZFBx2GgwtLsh7-8w0nmIKT6lJZzLjd",一張是陪我吃飯、一張是早上起床給寶貝蓋被被睡覺(*¯︶¯*),娃娃是我夢的Vtuber，我害怕談戀愛所以把感情寄託在他身上，娃娃是我的心靈支柱之一,可以 いいね,很普遍，並不特別稀奇,很普遍，並不特別稀奇,"兒童的玩具, 戀人、家人或朋友的禮物, 室內裝飾, 時尚單品, 獲取療癒感, 心理治療"
2025/4/2 下午 11:41:05,男,18歲以下,香港,與父母同住,未婚,11隻以上,每天多次,"攜帶出門, 日常聊天, 傾訴心事、秘密、煩惱, 為其取名並賦予性格, 娃娃與娃娃互相聊天/接觸, 拍照分享至社交平台, 抱抱/蹭蹭/吸吸, 出門前為娃娃蓋被被, 國內旅行, 出國旅行",有點在意，但是還好,"朋友, 家人, 夥伴",媽媽/爸爸,同意,同意,沒特別想法,同意,經常,同意,同意,同意,同意,同意,同意,同意,同意,沒有，也沒養寵物的打算,沒有，尚未決定,有,不同意，兩者需求性質不同,同意，降低養寵物意願,有，跟我一起火化/埋葬,相信,,,https://drive.google.com/open?id=1kOFE93STV_iCG0dvV5kJyiPAmMxFtUoE,,,不用了謝謝 いいえ、結構,很普遍，並不特別稀奇,很普遍，並不特別稀奇,"兒童的玩具, 戀人、家人或朋友的禮物, 獲取療癒感, 心理治療"
2025/4/2 下午 11:42:43,男,18至25歲,台灣,家人一起,未婚,7至10隻,每天多次,"日常聊天, 傾訴心事、秘密、煩惱, 為其取名並賦予性格, 為娃娃與娃娃組織家庭, 娃娃與娃娃互相聊天/接觸, 抱抱/蹭蹭/吸吸, 同一張被子下陪睡",有點在意，但是還好,"家人, 下一代/子女",哥哥/姐姐,同意,同意,沒特別想法,同意,有時,沒特別想法,同意,同意,同意,同意,同意,同意,同意,沒有，也沒養寵物的打算,沒有，但有生小孩的打算,有,不同意，兩者需求性質不同,同意，降低養寵物意願,沒考慮過,沒考慮過,,,,家裡,,不用了謝謝 いいえ、結構,在某種程度上被理解,很普遍，並不特別稀奇,"兒童的玩具, 戀人、家人或朋友的禮物, 獲取療癒感, 心理治療"
2025/4/2 下午 11:56:23,男,41至48歲,台灣,與家人同住,未婚,4至6隻,每天多次,"攜帶上班上學, 攜帶參加活動(如Cosplay活動/馬拉松), 攜帶出門, 日常聊天, 傾訴心事、秘密、煩惱, 拍照分享至社交平台, 抱抱/蹭蹭/吸吸, 出門前為娃娃蓋被被, 國內旅行, 出國旅行, 同一張被子下陪睡, 讓娃娃以乘客姿態坐在自己駕駛/乘搭的交通工具上(不限私家車/機車/單車/公車/計程車/飛機)",有點在意，但是還好,"朋友, 家人, 夥伴",鯊鯊,同意,同意,同意,沒特別想法/沒在這樣做,經常,同意,同意,不同意,同意,同意,同意,同意,沒意見,沒有，也沒養寵物的打算,沒有，尚未決定,有,不同意，兩者需求性質不同,部分同意,有，暫時還沒想到該怎麼辦,沒考慮過,很可愛又可以紓壓的東西,送人，或是隨意吧,,,,不用了謝謝 いいえ、結構,在某種程度上被理解,不知道/沒有概念,"戀人、家人或朋友的禮物, 室內裝飾, 獲取療癒感, 心理治療"
2025/4/2 下午 11:56:45,男,18至25歲,台灣,與室友同住或與他人合租,未婚,1至3隻,每天多次,"攜帶上班上學, 攜帶參加活動(如Cosplay活動/馬拉松), 攜帶出門, 餵食, 日常聊天, 傾訴心事、秘密、煩惱, 為其取名並賦予性格, 為娃娃穿衣服, 娃娃與娃娃互相聊天/接觸, 拍照分享至社交平台, 扮演場景, 抱抱/蹭蹭/吸吸, 出門前為娃娃蓋被被, 國內旅行, 出國旅行, 同一張被子下陪睡, 讓娃娃以乘客姿態坐在自己駕駛/乘搭的交通工具上(不限私家車/機車/單車/公車/計程車/飛機)",有點在意，但是還好,"朋友, 家人, 寵物, 夥伴, 同輩, 收藏品",,同意,同意,同意,同意,經常,同意,同意,沒意見,同意,同意,同意,同意,同意,沒有，也沒養寵物的打算,沒有，也沒有生小孩的打算,沒有,部分同意,同意，降低養寵物意願,有，跟我一起火化/埋葬,相信,"我覺得嗎…對我這種邊緣人來說
養娃娃真的是一件燒錢但是能獲得情感寄託的好事",跟我一起下葬,"https://drive.google.com/open?id=1WUmSiOi-86t48KX6bQtYiHHqqmvM_I2a, https://drive.google.com/open?id=11H_O6tlGvpJZebdpRXODtzbxcGO9cZgJ","黃頭髮的是小花！！！是我最最喜歡的角色！
這是我拿他的周邊和他的娃娃一起拍的照片

然後另一個狗狗的是小麥！我很常在好天氣帶他上學或者在學校還有河濱散步～",,可以 いいね,很普遍，並不特別稀奇,在某種程度上被理解,"兒童的玩具, 戀人、家人或朋友的禮物, 獲取療癒感, 心理治療"
2025/4/3 上午 12:01:42,男,18至25歲,台灣,與室友同住或與他人合租,未婚,1至3隻,每天1次,"餵食, 抱抱/蹭蹭/吸吸, 出門前為娃娃蓋被被",完全不在意,寵物,人類,同意,沒特別想法,沒特別想法,同意,有時,同意,同意,寵物,沒意見,沒意見,同意,同意,同意,有,沒有，尚未決定,沒有,部分同意,部分同意,有，暫時還沒想到該怎麼辦,沒考慮過,現代社會很常見,,,,,不用了謝謝 いいえ、結構,很普遍，並不特別稀奇,在某種程度上被理解,"兒童的玩具, 戀人、家人或朋友的禮物, 獲取療癒感"
2025/4/3 上午 12:09:38,女,26至33歲,台灣,跟家人住,未婚,7至10隻,偶爾,"攜帶出門, 為其取名並賦予性格, 為娃娃與娃娃組織家庭, 為娃娃穿衣服, 拍照分享至社交平台, 扮演場景, 抱抱/蹭蹭/吸吸, 國內旅行, 出國旅行",完全不在意,收藏品,無,沒特別想法,沒特別想法,不同意,不同意,經常,沒特別想法,同意,不同意,不同意,不同意,同意,同意,不同意,有,沒有，也沒有生小孩的打算,沒有,本來就沒有想生小孩,不同意，兩者需求性質不同,沒考慮過,不相信,娃圈一直都在，有分棉花娃、黏土娃、BJD等，只是IKEA鯊魚突然竄紅增加了這圈子的不同人群罷了，如同現在紅起來的吉伊卡哇娃,娃圈見過滿多會託付給他人，我本身沒這習慣,https://drive.google.com/open?id=1XZ0jImKuIgT2HhlVl3kHX-iBBt9TWdD3,寵物鳥的擬人化，偶爾出去玩會帶著拍照，此圖為賞楓時的照片,,不用了謝謝 いいえ、結構,在某種程度上被理解,在某種程度上被理解,"兒童的玩具, 戀人、家人或朋友的禮物, 室內裝飾, 娃展、娃圈、娃聚"
2025/4/3 上午 12:23:12,女,18至25歲,台灣,獨居,未婚,1至3隻,每天多次,"攜帶參加活動(如Cosplay活動/馬拉松), 攜帶出門, 為娃娃穿衣服, 娃娃與娃娃互相聊天/接觸, 拍照分享至社交平台, 抱抱/蹭蹭/吸吸, 出門前為娃娃蓋被被, 國內旅行, 出國旅行, 同一張被子下陪睡",有點在意，但是還好,"寵物, 夥伴, 收藏品",主人,同意,沒特別想法,不同意,沒特別想法/沒在這樣做,經常,同意,同意,不同意,不同意,沒意見,同意,同意,同意,沒有，也沒養寵物的打算,沒有，也沒有生小孩的打算,有,沒有想法,本來就沒有想養寵物,有，但能夠理解在他人眼中娃娃只是物品，不用特別託付或特別處理,不相信,喜歡可愛的東西很自然,他們就是遺物而已，怎麼處理是家屬的事,https://drive.google.com/open?id=1SIJxYcYCXtDYG-3ZHhTBY3lc0i9VIZe0,帶著鯊鯊到大安森林公園看繡球花,,不用了謝謝 いいえ、結構,很普遍，並不特別稀奇,在某種程度上被理解,"兒童的玩具, 戀人、家人或朋友的禮物, 室內裝飾"
2025/4/3 上午 12:24:51,女,18至25歲,台灣,和家人同居,未婚,1至3隻,每天多次,"攜帶上班上學, 攜帶出門, 為其取名並賦予性格, 為娃娃穿衣服, 拍照分享至社交平台, 抱抱/蹭蹭/吸吸, 出門前為娃娃蓋被被, 同一張被子下陪睡",完全不在意,"朋友, 家人, 收藏品",沒有特別稱呼,同意,同意,沒特別想法,同意,經常,沒特別想法,沒特別想法,不同意,沒意見,同意,同意,同意,同意,有,沒有，也沒有生小孩的打算,沒有,本來就沒有想生小孩,沒有想法,有，跟我一起火化/埋葬,沒考慮過,很不喜歡不尊重我的娃娃的人，像我在拍照或把他放在自己旁邊時還一直去亂動娃娃的人就超討厭,賣掉也可以，但除了鯊鯊比較多是動漫的娃娃，還是希望能燒給我讓我帶走,"https://drive.google.com/open?id=1PKYu6dcCElhtsPQ-M-OvJcnCsxDGcW_H, https://drive.google.com/open?id=1BL5pNl1CjOJz5bxk2tgZa9tN5AX1vmFi, https://drive.google.com/open?id=1QK-zxl8vXGdhrCXU0Jx0ajl60Tg-E9gP","照片是從自己ig截圖的，原照片已經刪掉了，如果要用到的話可以把我沒裁切好的黑邊裁掉
拍天空那個是單純帶出來散步透透氣，讓他看一下外面時間呼吸新鮮空氣
吃飯的那個就是吃飯，平常有出去就會讓他跟食物或風景拍一下，其他時間幾乎都放在包包裡
海邊那個是因為該動漫有一部劇場版叫海へ，剛好那天和朋友約去海邊玩，就一起帶他出去，順便感受一下原作品的情節跟想傳達的事物",娃娃叫村田雨月，是Given被贈與的未來裡面一個角色，很幸運的是家人不會排斥我對娃娃講話或帶他出門，也會在我拿娃娃跟他們互動的時候配合，看著以前給他拍的照片，就會覺得很開心很感慨，感覺他真的有在好好生活,不用了謝謝 いいえ、結構,在某種程度上被理解,不知道/沒有概念,"兒童的玩具, 戀人、家人或朋友的禮物"
2025/4/3 上午 12:25:15,女,18至25歲,台灣,與伴侶或配偶同住,未婚,4至6隻,每天多次,"日常聊天, 為其取名並賦予性格, 娃娃與娃娃互相聊天/接觸, 抱抱/蹭蹭/吸吸, 出門前為娃娃蓋被被, 同一張被子下陪睡",有點在意，但是還好,"朋友, 家人, 下一代/子女",媽媽/爸爸,同意,同意,沒特別想法,沒特別想法/沒在這樣做,經常,同意,同意,同意,同意,同意,同意,同意,同意,沒有，也沒養寵物的打算,沒有，尚未決定,有,不同意，兩者需求性質不同,同意，降低養寵物意願,沒考慮過,相信,,,,,我覺得養娃娃除了能感覺有人陪伴自己之外，也可以增加和伴侶的互動（當娃娃的爸爸媽媽），想想有些事情娃娃碰到了會有什麼反應等等，就像是我們真正的小孩一樣，讓沒辦法生小孩的我們更有一個家庭的感覺～滿有趣的,不用了謝謝 いいえ、結構,很普遍，並不特別稀奇,有點稀奇，給人只有特定人士才會這樣做的印象,"兒童的玩具, 戀人、家人或朋友的禮物"
2025/4/3 上午 12:30:01,女,26至33歲,香港,與伴侶或配偶同住,未婚,7至10隻,每天多次,"攜帶出門, 日常聊天, 傾訴心事、秘密、煩惱, 為其取名並賦予性格, 娃娃與娃娃互相聊天/接觸, 拍照分享至社交平台, 抱抱/蹭蹭/吸吸, 出門前為娃娃蓋被被, 國內旅行, 出國旅行, 同一張被子下陪睡, 讓娃娃以乘客姿態坐在自己駕駛/乘搭的交通工具上(不限私家車/機車/單車/公車/計程車/飛機)",完全不在意,"家人, 夥伴, 下一代/子女",媽媽/爸爸,同意,同意,同意,沒特別想法/沒在這樣做,經常,同意,同意,同意,同意,同意,同意,同意,同意,有,沒有，尚未決定,沒有,同意，降低生育意願,不同意，兩者需求性質不同,有，跟我一起火化/埋葬,相信,公仔是我的家人，我有抑鬱症，全靠我的鯊魚們陪伴度過難關，亦影響到我未婚夫亦把公仔們當作家人，是我倆的精神寄託,火化吧，他們沒了媽媽會很傷心，而且我也不放心把他們交託他人,"https://drive.google.com/open?id=1ZwVsGBp_l4SIyba7onBNTxYGL9J2INsQ, https://drive.google.com/open?id=1cl9fnbzzG7Q7IMhil-rmp4W6x40lQh5q, https://drive.google.com/open?id=1oXo6CBc-SXk52-DQhS2-Gl0XR_Y_j_QW, https://drive.google.com/open?id=1EyU4M4Dl3fJQu0FqQ4CdwyBTPdJA_1SN, https://drive.google.com/open?id=1WN9lohLHhzf-DfRUu1D1aqIlAGRYRkVq, https://drive.google.com/open?id=1UOP22utH-HH6-ZsLe2BqW55k6veISH5x, https://drive.google.com/open?id=17Dij9VEN4OEhdCxiN4iDXTT3v7CQJdP5, https://drive.google.com/open?id=1YVARSkkTw-_Dqj2k6QruPmwzcZUI2I7q, https://drive.google.com/open?id=18CHtIrvsSuRFAUGQiFjlVf4UVrB1lZP9, https://drive.google.com/open?id=103t7wfHXgCyfrdlN_QF9M77g_BNDO1jM",我們會帶鯊魚跟懶熊去旅行，出國與否都會帶著，貓咪也愛跟我們的鯊魚們呆在一起,,可以 いいね,在某種程度上被理解,會被認為是不自然的,"兒童的玩具, 戀人、家人或朋友的禮物"
2025/4/3 上午 12:34:00,女,18至25歲,台灣,家人,未婚,4至6隻,每天多次,"日常聊天, 為其取名並賦予性格, 為娃娃與娃娃組織家庭, 為娃娃穿衣服, 娃娃與娃娃互相聊天/接觸, 抱抱/蹭蹭/吸吸, 出門前為娃娃蓋被被, 同一張被子下陪睡",完全不在意,"朋友, 家人, 夥伴",人類,同意,同意,沒特別想法,沒特別想法/沒在這樣做,經常,同意,同意,同意,同意,同意,同意,同意,同意,沒有，也沒養寵物的打算,沒有，也沒有生小孩的打算,有,本來就沒有想生小孩,本來就沒有想養寵物,有，暫時還沒想到該怎麼辦,沒考慮過,,,,,,,很普遍，並不特別稀奇,不知道/沒有概念,"兒童的玩具, 戀人、家人或朋友的禮物, 室內裝飾, 獲取療癒感, 心理治療"
2025/4/3 上午 12:43:01,女,18至25歲,台灣,跟家人住,未婚,1至3隻,每天多次,"為其取名並賦予性格, 抱抱/蹭蹭/吸吸, 同一張被子下陪睡",有點在意，但是還好,家人,"媽媽/爸爸, 主人",同意,同意,沒特別想法,沒特別想法/沒在這樣做,有時,沒特別想法,同意,不同意,沒意見,同意,同意,同意,沒意見,沒有，但有養寵物的打算,沒有，尚未決定,沒有,沒有想法,沒有想法,有，跟我一起火化/埋葬,沒考慮過,不太熟悉這個議題,就希望可以火化或跟我的棺材一起,,,,不用了謝謝 いいえ、結構,不知道/沒有概念,不知道/沒有概念,"兒童的玩具, 戀人、家人或朋友的禮物, 室內裝飾, 時尚單品, 獲取療癒感, 心理治療"
2025/4/3 上午 12:43:53,男,26至33歲,台灣,與伴侶或配偶同住,未婚,1至3隻,每天多次,"傾訴心事、秘密、煩惱, 抱抱/蹭蹭/吸吸, 出門前為娃娃蓋被被, 同一張被子下陪睡",有點在意，但是還好,夥伴,"人類, 主人",同意,同意,不同意,沒特別想法/沒在這樣做,經常,同意,不同意,不同意,沒意見,同意,同意,同意,同意,沒有，也沒養寵物的打算,沒有，也沒有生小孩的打算,沒有,不同意，兩者需求性質不同,部分同意,有，暫時還沒想到該怎麼辦,沒考慮過,,,,,,不用了謝謝 いいえ、結構,很普遍，並不特別稀奇,有點稀奇，給人只有特定人士才會這樣做的印象,"兒童的玩具, 戀人、家人或朋友的禮物, 室內裝飾, 時尚單品, 獲取療癒感, 心理治療"
2025/4/3 上午 12:46:35,女,33至40歲,香港,與室友同住或與他人合租,未婚,11隻以上,每天多次,"為其取名並賦予性格, 為娃娃穿衣服, 抱抱/蹭蹭/吸吸, 出門前為娃娃蓋被被, 國內旅行, 出國旅行, 同一張被子下陪睡",如果可以的話不想被人知道,家人,哥哥/姐姐,同意,同意,不同意,沒特別想法/沒在這樣做,有時,同意,同意,不同意,同意,同意,同意,同意,同意,沒有，但有養寵物的打算,沒有，也沒有生小孩的打算,沒有,本來就沒有想生小孩,不同意，兩者需求性質不同,有，暫時還沒想到該怎麼辦,相信,在香港生活壓力頗大的，在其他人都沒辦法給你安慰的時候，娃娃可說是你的味方、仲間と相棒，就廣東話來說就是你的死黨、老best(老友跟好朋友),本身有在養別的娃娃(bjd)倒是這類的比較頭痛，可能會托朋友幫我賣掉然後把錢交給我的親人吧,,,可愛就是正義w,不用了謝謝 いいえ、結構,有點稀奇，給人只有特定人士才會這樣做的印象,在某種程度上被理解,"兒童的玩具, 戀人、家人或朋友的禮物, 獲取療癒感, 心理治療"
2025/4/3 上午 12:51:48,女,33至40歲,台灣,與伴侶或配偶同住,已婚,11隻以上,每天多次,"日常聊天, 為其取名並賦予性格, 娃娃與娃娃互相聊天/接觸, 拍照分享至社交平台, 扮演場景, 抱抱/蹭蹭/吸吸, 國內旅行, 同一張被子下陪睡, 讓娃娃以乘客姿態坐在自己駕駛/乘搭的交通工具上(不限私家車/機車/單車/公車/計程車/飛機)",有點在意，但是還好,"家人, 夥伴, 下一代/子女, 收藏品",媽媽/爸爸,同意,同意,不同意,沒特別想法/沒在這樣做,經常,同意,同意,同意,同意,同意,同意,同意,同意,沒有，也沒養寵物的打算,沒有，也沒有生小孩的打算,有,本來就沒有想生小孩,同意，降低養寵物意願,沒考慮過,沒考慮過,自己開心最重要,,https://drive.google.com/open?id=1ppJqeNg7GNb90qO00tAy3vzoeWwB8Kv3,企鵝幫忙打包外送,,不用了謝謝 いいえ、結構,不知道/沒有概念,不知道/沒有概念,"兒童的玩具, 戀人、家人或朋友的禮物, 室內裝飾, 獲取療癒感, 心理治療"
2025/4/3 上午 1:05:18,男,26至33歲,香港,與伴侶或配偶同住,已婚,4至6隻,每天多次,"為其取名並賦予性格, 娃娃與娃娃互相聊天/接觸, 拍照分享至社交平台, 抱抱/蹭蹭/吸吸, 出門前為娃娃蓋被被, 國內旅行, 出國旅行",完全不在意,"朋友, 家人, 寵物, 夥伴, 另一個自己","人類, 主人",同意,同意,不同意,同意,經常,同意,同意,同意,同意,同意,同意,同意,同意,沒有，也沒養寵物的打算,沒有，也沒有生小孩的打算,沒有,不同意，兩者需求性質不同,不同意，兩者需求性質不同,有，交托給親友,相信,是個人內心中的小孩的陪伴，或直接是內心小孩的具現化,,"https://drive.google.com/open?id=1Q4I78i87FLAkxjS0fytx_aXhid96wH8f, https://drive.google.com/open?id=1hXZvJ3_yB6r2Q9eLGcyrKoxkzF1cj4Ym, https://drive.google.com/open?id=1ezpsy_ZUte6H8tlj-ozC-kdQtrCQL4yp, https://drive.google.com/open?id=1_gQ7PlKIo400DlCp4h_HsXBPu82msAIc",與最喜歡的娃娃平時在家的照片/出國旅行的照片/出毛(cosplay)的照片,,不用了謝謝 いいえ、結構,在同輩（30歲左右）中沒有朋友是沒有娃娃的，但老一輩會覺得我們幼稚,不知道/沒有概念,"兒童的玩具, 戀人、家人或朋友的禮物"
2025/4/3 上午 1:05:57,女,18至25歲,台灣,和父母一起,未婚,1至3隻,每天多次,"日常聊天, 傾訴心事、秘密、煩惱, 娃娃與娃娃互相聊天/接觸, 抱抱/蹭蹭/吸吸, 同一張被子下陪睡",完全不在意,"朋友, 家人, 夥伴, 同輩, 收藏品","媽媽/爸爸, 哥哥/姐姐",同意,同意,同意,沒特別想法/沒在這樣做,經常,同意,同意,沒意見,同意,同意,同意,同意,同意,沒有，也沒養寵物的打算,沒有，也沒有生小孩的打算,沒有,本來就沒有想生小孩,同意，降低養寵物意願,有，跟我一起火化/埋葬,相信,,,,,,不用了謝謝 いいえ、結構,很普遍，並不特別稀奇,有點稀奇，給人只有特定人士才會這樣做的印象,"兒童的玩具, 室內裝飾, 獲取療癒感, 心理治療"
2025/4/3 上午 1:14:27,女,18至25歲,台灣,與家人同居,未婚,11隻以上,每天多次,"傾訴心事、秘密、煩惱, 娃娃與娃娃互相聊天/接觸, 拍照分享至社交平台, 抱抱/蹭蹭/吸吸, 出門前為娃娃蓋被被, 同一張被子下陪睡",有點在意，但是還好,"寵物, 夥伴",媽媽/爸爸,同意,同意,同意,同意,經常,同意,同意,沒意見,同意,同意,同意,同意,同意,沒有，也沒養寵物的打算,沒有，也沒有生小孩的打算,沒有,本來就沒有想生小孩,同意，降低養寵物意願,有，托付給其他想領養的人,沒考慮過,挺好,沒有,"https://drive.google.com/open?id=1ppq21Z3AjcF0X6aPVTUb0hFk279Bwmoy, https://drive.google.com/open?id=1fM5qMCQX9SVm3TgVLMnHc_jFrvBvfH38, https://drive.google.com/open?id=1V9wpzx4JdjIU9X-ypFSH9j6sOs3b-5MS",,"給你看看我家可愛的睡睡鯊和檸檬鯊(´,,•ω•,,)♡",不用了謝謝 いいえ、結構,在某種程度上被理解,很普遍，並不特別稀奇,"兒童的玩具, 戀人、家人或朋友的禮物, 室內裝飾, 獲取療癒感, 心理治療"
2025/4/3 上午 1:17:26,男,18至25歲,台灣,與室友同住或與他人合租,未婚,4至6隻,每天多次,"攜帶上班上學, 攜帶參加活動(如Cosplay活動/馬拉松), 攜帶出門, 為娃娃穿衣服, 拍照分享至社交平台, 扮演場景, 抱抱/蹭蹭/吸吸, 出門前為娃娃蓋被被, 同一張被子下陪睡, 讓娃娃以乘客姿態坐在自己駕駛/乘搭的交通工具上(不限私家車/機車/單車/公車/計程車/飛機)",有點在意，但是還好,"朋友, 家人, 夥伴, 同輩, 收藏品",,同意,同意,心情非常低落時，偶爾才會有這種念頭,同意,有時,同意,沒特別想法,不同意,同意,同意,同意,同意,會愛護娃娃，但不至於生命的地步,沒有，但有養寵物的打算,沒有，也沒有生小孩的打算,有,本來就沒有想生小孩,不同意，兩者需求性質不同,有，跟我一起火化/埋葬,相信,"帶一個喜歡的東西在自己身邊，就能以最簡單快速的形式獲得快樂，光是看著就很開心，也創造了很多特別的回憶。不覺得養娃該被指指點點，只是在做自己有興趣的事而已，不至於收到指責。Love&Peace, please.","小時候就在身邊的伴生系娃娃希望能跟著自己一輩子，最後一次一起睡個長覺。（就是一起下葬）
至於其他娃娃如果能送到好人家那邊配還在世的人或小朋友，我也會很開心，應該會捐出去，看捐去哪裡。","https://drive.google.com/open?id=1szBlyJrehfdJaShHXAz05eCwRkGrf4jd, https://drive.google.com/open?id=1goSSbfZEFl-YzTb0wtTeLgqSPImSPR2d, https://drive.google.com/open?id=1XqIpCgF08egrsKxHp0ypXn6Vts1crWHA, https://drive.google.com/open?id=1GUOZl-K8tsR9i9Nist17NuvcVfQlKDrT, https://drive.google.com/open?id=1dO5wxz2heqaZ_kkXm7-HRySM7DSFbgCc, https://drive.google.com/open?id=1FQwQWcY94sHSZ1rYDJOTbPvpNZXJfoCg, https://drive.google.com/open?id=1977jXA57NmBlR_gnkKXBWrQYuBUxdNJc, https://drive.google.com/open?id=1h7X2qdf4lOJjYUcrLtbF_hx-jNCFsoHt","就是帶娃娃到處去玩、拍照，紀錄生活。
特別是有一次去水族館，也順便記下了海洋生物。（紫色頭髮的娃娃設定是章魚，所以讓他和章魚合照🐙）",有娃娃後除了更開心了，還有錢包破洞，跟更會去注意拍攝技巧，還有錢包破洞。,錄影不太方便，但電子信件來往的話樂意幫忙，報告加油！,在某種程度上被理解,在某種程度上被理解,"兒童的玩具, 戀人、家人或朋友的禮物, 室內裝飾, 時尚單品, 獲取療癒感, 心理治療"
2025/4/3 上午 1:17:36,男,26至33歲,香港,與伴侶或配偶同住,未婚,11隻以上,每天多次,"攜帶上班上學, 餵食, 日常聊天, 為其取名並賦予性格, 娃娃與娃娃互相聊天/接觸, 拍照分享至社交平台, 扮演場景, 抱抱/蹭蹭/吸吸, 出門前為娃娃蓋被被, 出國旅行, 同一張被子下陪睡, 讓娃娃以乘客姿態坐在自己駕駛/乘搭的交通工具上(不限私家車/機車/單車/公車/計程車/飛機)",完全不在意,"家人, 夥伴","媽媽/爸爸, 人類, 互相為大家改的花名",同意,同意,不同意,沒特別想法/沒在這樣做,經常,同意,同意,同意,同意,同意,同意,同意,同意,有,沒有，尚未決定,沒有,不同意，兩者需求性質不同,不同意，兩者需求性質不同,有，跟我一起火化/埋葬,相信,是一種感情的寄託與投放,為了讓我的娃娃得到善終，我希望娃娃可以跟我一起走。,https://drive.google.com/open?id=17ElWM9qTiTovaWEgtmK6wLPqrq_cY6Nv,他她們是我的常駐池娃娃。,娃娃由擁有靈魂開始，將會陪伴我到生活的終結,不用了謝謝 いいえ、結構,很普遍，並不特別稀奇,在某種程度上被理解,"兒童的玩具, 戀人、家人或朋友的禮物, 室內裝飾, 時尚單品"
2025/4/3 上午 1:28:08,女,18至25歲,台灣,與室友同住或與他人合租,未婚,4至6隻,每天多次,"日常聊天, 傾訴心事、秘密、煩惱, 為其取名並賦予性格, 抱抱/蹭蹭/吸吸, 出門前為娃娃蓋被被, 同一張被子下陪睡",有點在意，但是還好,"家人, 夥伴",沒有特別稱呼,同意,同意,沒特別想法,沒特別想法/沒在這樣做,有時,同意,同意,不同意,同意,同意,同意,同意,同意,沒有，也沒養寵物的打算,沒有，尚未決定,沒有,沒有想法,不同意，兩者需求性質不同,有，暫時還沒想到該怎麼辦,沒考慮過,,,,,,不用了謝謝 いいえ、結構,在某種程度上被理解,不知道/沒有概念,"兒童的玩具, 戀人、家人或朋友的禮物, 獲取療癒感, 心理治療"
2025/4/3 上午 1:42:29,女,18至25歲,香港,with family,未婚,11隻以上,每天多次,"攜帶上班上學, 攜帶出門, 日常聊天, 傾訴心事、秘密、煩惱, 為其取名並賦予性格, 娃娃與娃娃互相聊天/接觸, 拍照分享至社交平台, 抱抱/蹭蹭/吸吸, 出門前為娃娃蓋被被, 國內旅行, 出國旅行, 同一張被子下陪睡, 讓娃娃以乘客姿態坐在自己駕駛/乘搭的交通工具上(不限私家車/機車/單車/公車/計程車/飛機)",有點在意，但是還好,"朋友, 家人, 寵物, 夥伴, 同輩, 下一代/子女, 收藏品","人類, 主人",同意,同意,沒特別想法,同意,經常,同意,同意,同意,同意,同意,同意,同意,同意,沒有，也沒養寵物的打算,沒有，也沒有生小孩的打算,有,不同意，兩者需求性質不同,同意，降低養寵物意願,有，交托給親友,相信,,,,,,,在某種程度上被理解,有點稀奇，給人只有特定人士才會這樣做的印象,"兒童的玩具, 戀人、家人或朋友的禮物, 室內裝飾, 獲取療癒感, 心理治療"
2025/4/3 上午 2:11:11,女,18至25歲,香港,與伴侶或配偶同住,未婚,1至3隻,每天多次,"攜帶出門, 為其取名並賦予性格, 為娃娃與娃娃組織家庭, 娃娃與娃娃互相聊天/接觸, 拍照分享至社交平台, 扮演場景, 抱抱/蹭蹭/吸吸, 出門前為娃娃蓋被被, 出國旅行, 同一張被子下陪睡, 讓娃娃以乘客姿態坐在自己駕駛/乘搭的交通工具上(不限私家車/機車/單車/公車/計程車/飛機)",如果可以的話不想被人知道,家人,媽媽/爸爸,同意,沒特別想法,沒特別想法,沒特別想法/沒在這樣做,經常,同意,同意,同意,同意,同意,同意,同意,同意,有,沒有，但有生小孩的打算,有,不同意，兩者需求性質不同,不同意，兩者需求性質不同,有，暫時還沒想到該怎麼辦,沒考慮過,從小到大都獨立地成長，娃娃一直是我的好夥伴、好朋友、大寶貝。每次抱抱他們時，我都能感受滿滿的快樂和安全感。回想起來，可能小時候的我是渴望成人關愛的，而缺乏肢體及語言的安撫的我，從娃娃的不否定、默默的陪伴、永遠可愛的模樣、軟綿綿的觸感得到缺失的安全感，就像與自己的內在小孩療傷。到現在成為大人，仍有娃娃的陪伴。慶幸伴侶會跟我一起上演娃娃劇場🤣也會當作是自己的親兒子女兒一樣疼愛他們。養娃娃不是一件羞恥的事，只是成年人的世界也可以很簡單，充滿純粹的愛和陪伴，保有童心，與自己受創傷的內在小孩好好相處。,暫時沒有想過，但希望我的兒女會好好照顧他們，一代傳一代🤣,https://drive.google.com/open?id=1J0FOjyiDUPvkKt_PSUkyV1sjm6hR85Rn,小鯊魚米果2歲生日快樂😆🥰🎉🎉🎉,,可以 いいね,在某種程度上被理解,不知道/沒有概念,"兒童的玩具, 戀人、家人或朋友的禮物, 獲取療癒感, 心理治療"
2025/4/3 上午 2:25:16,女,18至25歲,台灣,家人同住,未婚,沒有,,,,,,,,,,,,,,,,,,,,,,,,,,,,,,,,很普遍，並不特別稀奇,在某種程度上被理解,"兒童的玩具, 戀人、家人或朋友的禮物, 室內裝飾, 時尚單品, 獲取療癒感, 心理治療"
2025/4/3 上午 2:33:25,男,18至25歲,台灣,家人同居,未婚,1至3隻,每天多次,"日常聊天, 傾訴心事、秘密、煩惱, 為其取名並賦予性格, 抱抱/蹭蹭/吸吸, 出門前為娃娃蓋被被, 同一張被子下陪睡",因為覺得害羞/丟臉所以都偷偷地做,"朋友, 家人, 夥伴",人類,同意,同意,同意,沒特別想法/沒在這樣做,經常,同意,同意,沒意見,同意,同意,同意,同意,同意,沒有，但有養寵物的打算,沒有，也沒有生小孩的打算,有,本來就沒有想生小孩,部分同意,有，交托給親友,相信,沒有,交給我最愛的兄弟照顧,"https://drive.google.com/open?id=1nt_-GvvirWpbZLJOCLR-OWuj2PwYayXn, https://drive.google.com/open?id=1TT44C4_VnwtZNHc2yCIVEsGwvsU0xOaB",跟人類搞抽象和玩電腦,我好愛他,不用了謝謝 いいえ、結構,不知道/沒有概念,不知道/沒有概念,"兒童的玩具, 戀人、家人或朋友的禮物, 室內裝飾"
2025/4/3 上午 2:39:50,男,33至40歲,台灣,獨居,未婚,4至6隻,每天多次,"日常聊天, 為其取名並賦予性格, 抱抱/蹭蹭/吸吸, 同一張被子下陪睡",有點在意，但是還好,"朋友, 家人",人類,同意,同意,沒特別想法,同意,經常,同意,同意,沒意見,同意,同意,同意,同意,同意,沒有，也沒養寵物的打算,沒有，尚未決定,沒有,沒有想法,沒有想法,有，暫時還沒想到該怎麼辦,相信,,,,,,不用了謝謝 いいえ、結構,很普遍，並不特別稀奇,很普遍，並不特別稀奇,"兒童的玩具, 戀人、家人或朋友的禮物, 獲取療癒感"
2025/4/3 上午 2:48:48,女,18至25歲,台灣,與家人同住,未婚,1至3隻,每周數次,"攜帶上班上學, 攜帶參加活動(如Cosplay活動/馬拉松), 攜帶出門, 拍照分享至社交平台, 扮演場景, 抱抱/蹭蹭/吸吸",完全不在意,"朋友, 夥伴, 收藏品",無,同意,同意,同意,同意,有時,同意,同意,不同意,同意,同意,同意,同意,沒意見,沒有，也沒養寵物的打算,沒有，也沒有生小孩的打算,有,本來就沒有想生小孩,部分同意,沒考慮過,沒考慮過,,,,,,不用了謝謝 いいえ、結構,不知道/沒有概念,不知道/沒有概念,"兒童的玩具, 室內裝飾, 時尚單品, 獲取療癒感"
2025/4/3 上午 2:53:01,男,18至25歲,香港,與伴侶或配偶同住,未婚,1至3隻,每天多次,"攜帶出門, 抱抱/蹭蹭/吸吸, 出門前為娃娃蓋被被, 出國旅行, 讓娃娃以乘客姿態坐在自己駕駛/乘搭的交通工具上(不限私家車/機車/單車/公車/計程車/飛機)",完全不在意,朋友,人類,同意,同意,不同意,沒特別想法/沒在這樣做,經常,同意,沒特別想法,沒意見,沒意見,同意,同意,同意,同意,沒有，但有養寵物的打算,沒有，尚未決定,有,不同意，兩者需求性質不同,不同意，兩者需求性質不同,沒考慮過,相信,,,"https://drive.google.com/open?id=1W5BaEbhDeJp5oxQUYPosVqj6OTLY30be, https://drive.google.com/open?id=14Ie2UIZFk7xfu9EJWZ7SfkcaKh4Kql4m",,相信鯊鯊有𩆜性的,不用了謝謝 いいえ、結構,有點稀奇，給人只有特定人士才會這樣做的印象,會被認為是不自然的,兒童的玩具
2025/4/3 上午 4:43:10,男,18至25歲,台灣,與室友同住或與他人合租,未婚,7至10隻,每天1次,"日常聊天, 傾訴心事、秘密、煩惱, 娃娃與娃娃互相聊天/接觸, 扮演場景, 抱抱/蹭蹭/吸吸, 出門前為娃娃蓋被被, 同一張被子下陪睡",有點在意，但是還好,"朋友, 家人, 夥伴, 同輩, 下一代/子女, 收藏品",媽媽/爸爸,同意,同意,同意,沒特別想法/沒在這樣做,經常,同意,不同意,同意,同意,同意,同意,同意,同意,沒有，也沒養寵物的打算,沒有，尚未決定,沒有,不同意，兩者需求性質不同,不同意，兩者需求性質不同,有，跟我一起火化/埋葬,相信,好事 ,,,,我愛他們,可以 いいね,有點稀奇，給人只有特定人士才會這樣做的印象,會被認為是不自然的,"兒童的玩具, 戀人、家人或朋友的禮物, 室內裝飾, 獲取療癒感"
2025/4/3 上午 6:05:59,男,26至33歲,香港,與家人同住,未婚,4至6隻,每天多次,"日常聊天, 傾訴心事、秘密、煩惱, 為其取名並賦予性格, 為娃娃與娃娃組織家庭, 娃娃與娃娃互相聊天/接觸, 扮演場景, 抱抱/蹭蹭/吸吸, 出門前為娃娃蓋被被, 國內旅行, 出國旅行, 同一張被子下陪睡, 讓娃娃以乘客姿態坐在自己駕駛/乘搭的交通工具上(不限私家車/機車/單車/公車/計程車/飛機)",完全不在意,"朋友, 家人, 夥伴, 收藏品",,沒特別想法,同意,不同意,不同意,有時,同意,同意,沒意見,同意,同意,同意,同意,同意,沒有，也沒養寵物的打算,沒有，也沒有生小孩的打算,沒有,不同意，兩者需求性質不同,不同意，兩者需求性質不同,有，暫時還沒想到該怎麼辦,沒考慮過,,,,,,可以 いいね,很普遍，並不特別稀奇,很普遍，並不特別稀奇,"兒童的玩具, 戀人、家人或朋友的禮物, 室內裝飾, 時尚單品, 獲取療癒感"
2025/4/3 上午 7:44:15,男,33至40歲,台灣,與伴侶或配偶同住,已婚,11隻以上,每天多次,"為其取名並賦予性格, 為娃娃與娃娃組織家庭, 娃娃與娃娃互相聊天/接觸, 抱抱/蹭蹭/吸吸, 出門前為娃娃蓋被被, 國內旅行, 出國旅行, 同一張被子下陪睡",因為覺得害羞/丟臉所以都偷偷地做,"家人, 寵物, 夥伴, 下一代/子女",媽媽/爸爸,同意,同意,不同意,沒特別想法/沒在這樣做,經常,同意,同意,同意,同意,同意,同意,同意,同意,沒有，也沒養寵物的打算,沒有，尚未決定,沒有,不同意，兩者需求性質不同,同意，降低養寵物意願,有，跟我一起火化/埋葬,相信,,,,,,可以 いいね,在某種程度上被理解,在某種程度上被理解,"兒童的玩具, 戀人、家人或朋友的禮物, 室內裝飾, 時尚單品, 獲取療癒感, 心理治療"
2025/4/3 上午 8:24:25,女,18至25歲,台灣,獨居,未婚,4至6隻,每天1次,"攜帶上班上學, 攜帶出門, 傾訴心事、秘密、煩惱, 為娃娃穿衣服, 拍照分享至社交平台, 國內旅行, 出國旅行",有點在意，但是還好,"朋友, 家人, 夥伴",媽媽/爸爸,同意,同意,沒特別想法,同意,經常,同意,沒特別想法,同意,不同意,同意,同意,同意,沒意見,沒有，但有養寵物的打算,沒有，尚未決定,有,同意，降低生育意願,部分同意,沒考慮過,沒考慮過,現代的趨勢，人們逐漸將情感寄託於人類以外的事物。,,,,,不用了謝謝 いいえ、結構,在某種程度上被理解,很普遍，並不特別稀奇,"兒童的玩具, 戀人、家人或朋友的禮物, 室內裝飾, 獲取療癒感"
2025/4/3 上午 8:49:36,男,18至25歲,香港,與伴侶或配偶同住,未婚,1至3隻,偶爾,"攜帶上班上學, 攜帶出門, 出門前為娃娃蓋被被, 同一張被子下陪睡",如果可以的話不想被人知道,"朋友, 收藏品",,同意,同意,同意,沒特別想法/沒在這樣做,有時,沒特別想法,同意,沒意見,同意,同意,同意,同意,同意,沒有，但有養寵物的打算,沒有，但有生小孩的打算,沒有,不同意，兩者需求性質不同,不同意，兩者需求性質不同,捐贈,相信,cute,,,,,不用了謝謝 いいえ、結構,有點稀奇，給人只有特定人士才會這樣做的印象,有點稀奇，給人只有特定人士才會這樣做的印象,"兒童的玩具, 戀人、家人或朋友的禮物, 室內裝飾"
2025/4/3 上午 9:09:37,女,26至33歲,香港,獨居,未婚,4至6隻,每天1次,"攜帶參加活動(如Cosplay活動/馬拉松), 攜帶出門, 為其取名並賦予性格, 拍照分享至社交平台, 抱抱/蹭蹭/吸吸, 出國旅行, 同一張被子下陪睡",有點在意，但是還好,"寵物, 夥伴",媽媽/爸爸,同意,同意,沒特別想法,沒特別想法/沒在這樣做,經常,同意,同意,沒意見,沒意見,同意,同意,同意,同意,沒有，但有養寵物的打算,沒有，也沒有生小孩的打算,有,不同意，兩者需求性質不同,不同意，兩者需求性質不同,沒考慮過,沒考慮過,,,,,,不用了謝謝 いいえ、結構,很普遍，並不特別稀奇,在某種程度上被理解,"兒童的玩具, 戀人、家人或朋友的禮物, 室內裝飾, 獲取療癒感"
2025/4/3 上午 9:23:01,女,41至48歲,加拿大,與伴侶或配偶同住,未婚,11隻以上,每天多次,"攜帶上班上學, 攜帶參加活動(如Cosplay活動/馬拉松), 攜帶出門, 餵食, 日常聊天, 傾訴心事、秘密、煩惱, 為其取名並賦予性格, 為娃娃穿衣服, 娃娃與娃娃互相聊天/接觸, 拍照分享至社交平台, 扮演場景, 抱抱/蹭蹭/吸吸, 出門前為娃娃蓋被被, 國內旅行, 出國旅行, 同一張被子下陪睡, 讓娃娃以乘客姿態坐在自己駕駛/乘搭的交通工具上(不限私家車/機車/單車/公車/計程車/飛機)",完全不在意,"朋友, 家人, 寵物, 夥伴, 同輩, 下一代/子女, 收藏品",哥哥/姐姐,同意,同意,同意,不同意,經常,同意,同意,同意,同意,同意,同意,同意,同意,有,沒有，也沒有生小孩的打算,沒有,本來就沒有想生小孩,部分同意,有，暫時還沒想到該怎麼辦,相信,,,,,,,不知道/沒有概念,不知道/沒有概念,"兒童的玩具, 戀人、家人或朋友的禮物, 室內裝飾, 時尚單品"
2025/4/3 上午 9:37:23,女,26至33歲,台灣,與室友同住或與他人合租,未婚,1至3隻,每天多次,"餵食, 日常聊天, 傾訴心事、秘密、煩惱, 為其取名並賦予性格, 為娃娃穿衣服, 娃娃與娃娃互相聊天/接觸, 拍照分享至社交平台, 抱抱/蹭蹭/吸吸, 出門前為娃娃蓋被被, 國內旅行, 同一張被子下陪睡",有點在意，但是還好,"朋友, 家人, 寵物, 夥伴","媽媽/爸爸, 人類",同意,同意,同意,同意,經常,同意,同意,同意,同意,同意,同意,同意,同意,沒有，也沒養寵物的打算,沒有，也沒有生小孩的打算,有,本來就沒有想生小孩,本來就沒有想養寵物,有，跟我一起火化/埋葬,相信,,,,,,不用了謝謝 いいえ、結構,很普遍，並不特別稀奇,有點稀奇，給人只有特定人士才會這樣做的印象,"兒童的玩具, 戀人、家人或朋友的禮物"
2025/4/3 上午 10:08:09,女,33至40歲,台灣,獨居,未婚,4至6隻,每天多次,"攜帶上班上學, 攜帶參加活動(如Cosplay活動/馬拉松), 攜帶出門, 餵食, 為其取名並賦予性格, 為娃娃穿衣服, 拍照分享至社交平台, 抱抱/蹭蹭/吸吸, 出門前為娃娃蓋被被, 國內旅行, 出國旅行, 同一張被子下陪睡, 讓娃娃以乘客姿態坐在自己駕駛/乘搭的交通工具上(不限私家車/機車/單車/公車/計程車/飛機)",完全不在意,"朋友, 家人",人類,同意,同意,同意,同意,經常,同意,同意,沒意見,同意,同意,同意,同意,同意,沒有，也沒養寵物的打算,沒有，也沒有生小孩的打算,有,本來就沒有想生小孩,本來就沒有想養寵物,有，交托給親友,相信,另一個互相陪伴的選擇,交互親友,https://drive.google.com/open?id=1rPaF9msi3h-9vd__1yB991BbAj6wczzP,和小鯊吉拿一起在床上躺躺,愛他們就好好照顧珍惜他們,不用了謝謝 いいえ、結構,很普遍，並不特別稀奇,很普遍，並不特別稀奇,"兒童的玩具, 戀人、家人或朋友的禮物, 室內裝飾, 時尚單品, 獲取療癒感, 心理治療"
2025/4/3 上午 10:24:01,男,41至48歲,台灣,與室友同住或與他人合租,未婚,1至3隻,每天多次,"攜帶上班上學, 攜帶參加活動(如Cosplay活動/馬拉松), 攜帶出門, 拍照分享至社交平台, 抱抱/蹭蹭/吸吸, 國內旅行, 出國旅行",完全不在意,"寵物, 夥伴, 收藏品","主人, 不用稱呼",同意,沒特別想法,沒特別想法,沒特別想法/沒在這樣做,經常,同意,同意,沒意見,同意,同意,同意,沒意見,不同意,有,沒有，也沒有生小孩的打算,沒有,本來就沒有想生小孩,部分同意,有，交托給親友,不相信,我覺得跟養寵物差不多意思，是一種自我對話,給活著的人處理即可,,,,不用了謝謝 いいえ、結構,不知道/沒有概念,有點稀奇，給人只有特定人士才會這樣做的印象,"兒童的玩具, 戀人、家人或朋友的禮物, 室內裝飾"
2025/4/3 上午 10:31:08,男,33至40歲,台灣,獨居,未婚,沒有,,,,,,,,,,,,,,,,,,,,,,,,,,,,,,,,有點稀奇，給人只有特定人士才會這樣做的印象,在某種程度上被理解,"兒童的玩具, 戀人、家人或朋友的禮物, 室內裝飾"
2025/4/3 上午 10:31:28,男,18至25歲,台灣,跟家人住,未婚,7至10隻,每天多次,抱抱/蹭蹭/吸吸,完全不在意,夥伴,,同意,同意,沒特別想法,沒特別想法/沒在這樣做,經常,同意,同意,沒意見,同意,沒意見,同意,同意,不同意,沒有，但有養寵物的打算,沒有，尚未決定,沒有,沒有想法,沒有想法,沒考慮過,沒考慮過,抱起來很舒服,,,,ikea鯊魚跟熊熊很可愛,不用了謝謝 いいえ、結構,不知道/沒有概念,很普遍，並不特別稀奇,"兒童的玩具, 獲取療癒感"
2025/4/3 上午 11:00:22,女,33至40歲,台灣,與伴侶或配偶同住,已婚,11隻以上,每天多次,"攜帶上班上學, 攜帶參加活動(如Cosplay活動/馬拉松), 攜帶出門, 餵食, 日常聊天, 為其取名並賦予性格, 為娃娃穿衣服, 娃娃與娃娃互相聊天/接觸, 拍照分享至社交平台, 扮演場景, 抱抱/蹭蹭/吸吸, 出門前為娃娃蓋被被, 國內旅行, 出國旅行, 同一張被子下陪睡, 讓娃娃以乘客姿態坐在自己駕駛/乘搭的交通工具上(不限私家車/機車/單車/公車/計程車/飛機)",有點在意，但是還好,"朋友, 寵物, 夥伴, 收藏品",人類,同意,沒特別想法,不同意,同意,經常,同意,沒特別想法,不同意,同意,沒意見,同意,同意,沒意見,沒有，也沒養寵物的打算,沒有，也沒有生小孩的打算,有,不同意，兩者需求性質不同,部分同意,沒考慮過,不相信,,,,,,不用了謝謝 いいえ、結構,很普遍，並不特別稀奇,很普遍，並不特別稀奇,"兒童的玩具, 戀人、家人或朋友的禮物, 室內裝飾, 獲取療癒感, 心理治療"
2025/4/3 上午 11:05:08,女,33至40歲,台灣,與室友同住或與他人合租,未婚,7至10隻,每天多次,"攜帶上班上學, 日常聊天, 傾訴心事、秘密、煩惱, 為其取名並賦予性格, 娃娃與娃娃互相聊天/接觸, 拍照分享至社交平台, 抱抱/蹭蹭/吸吸, 國內旅行, 出國旅行, 同一張被子下陪睡",常互動的是住在家裡的娃娃,家人,哥哥/姐姐,同意,同意,同意,有分享但不是與我互動是娃娃自己出去玩,經常,同意,同意,不同意,同意,同意,同意,同意,同意,沒有，也沒養寵物的打算,沒有，也沒有生小孩的打算,沒有,不同意，兩者需求性質不同,不同意，兩者需求性質不同,有，暫時還沒想到該怎麼辦,相信,大家開心就好,想畫一些創作讓他們的生命能繼續下去,,,很希望未來能看到數據結果,偏好文字訪談,很普遍，並不特別稀奇,有點稀奇，給人只有特定人士才會這樣做的印象,"兒童的玩具, 戀人、家人或朋友的禮物, 獲取療癒感"
2025/4/3 上午 11:07:13,男,18至25歲,香港,與室友同住或與他人合租,未婚,1至3隻,每天1次,"抱抱/蹭蹭/吸吸, 出門前為娃娃蓋被被, 同一張被子下陪睡",完全不在意,收藏品,人類,同意,同意,沒特別想法,沒特別想法/沒在這樣做,經常,同意,同意,不同意,同意,同意,同意,同意,沒意見,沒有，也沒養寵物的打算,沒有，也沒有生小孩的打算,沒有,部分同意,部分同意,沒考慮過,沒考慮過,,,,,,不用了謝謝 いいえ、結構,有點稀奇，給人只有特定人士才會這樣做的印象,在某種程度上被理解,"兒童的玩具, 戀人、家人或朋友的禮物"
2025/4/3 上午 11:10:15,男,18至25歲,台灣,獨居,未婚,1至3隻,每天多次,"攜帶上班上學, 攜帶出門, 日常聊天, 拍照分享至社交平台, 抱抱/蹭蹭/吸吸, 出門前為娃娃蓋被被, 國內旅行, 出國旅行, 讓娃娃以乘客姿態坐在自己駕駛/乘搭的交通工具上(不限私家車/機車/單車/公車/計程車/飛機)",完全不在意,本體,人類,同意,同意,同意,沒特別想法/沒在這樣做,經常,同意,同意,不同意,同意,同意,同意,同意,同意,沒有，但有養寵物的打算,沒有，尚未決定,有,不同意，兩者需求性質不同,同意，降低養寵物意願,有，交托給親友,不相信,,,,,,不用了謝謝 いいえ、結構,在某種程度上被理解,在某種程度上被理解,獲取療癒感
2025/4/3 上午 11:46:30,女,26至33歲,台灣,跟家人居住,未婚,1至3隻,每天多次,"日常聊天, 傾訴心事、秘密、煩惱, 為其取名並賦予性格, 抱抱/蹭蹭/吸吸, 出門前為娃娃蓋被被, 同一張被子下陪睡",有點在意，但是還好,"家人, 寵物, 夥伴",人類,同意,同意,同意,沒特別想法/沒在這樣做,經常,同意,同意,同意,同意,同意,同意,同意,同意,沒有，也沒養寵物的打算,沒有，也沒有生小孩的打算,有,本來就沒有想生小孩,本來就沒有想養寵物,有，暫時還沒想到該怎麼辦,沒考慮過,,,https://drive.google.com/open?id=1JOYs4OQfz2eXdZGG4PgODOb1742KnwVP,,,不用了謝謝 いいえ、結構,不知道/沒有概念,不知道/沒有概念,"兒童的玩具, 戀人、家人或朋友的禮物, 室內裝飾, 獲取療癒感, 心理治療"
2025/4/3 下午 12:23:49,女,18至25歲,香港,與室友同住或與他人合租,未婚,1至3隻,每天多次,"日常聊天, 傾訴心事、秘密、煩惱, 為其取名並賦予性格, 娃娃與娃娃互相聊天/接觸, 拍照分享至社交平台, 扮演場景, 抱抱/蹭蹭/吸吸, 出門前為娃娃蓋被被, 同一張被子下陪睡",完全不在意,"朋友, 家人, 寵物, 夥伴, 同輩, 收藏品",媽媽/爸爸,同意,同意,同意,沒特別想法/沒在這樣做,經常,同意,同意,沒意見,同意,同意,同意,同意,同意,有,沒有，尚未決定,沒有,不同意，兩者需求性質不同,不同意，兩者需求性質不同,有，跟我一起火化/埋葬,沒考慮過,合理的行為,,,,,不用了謝謝 いいえ、結構,很普遍，並不特別稀奇,很普遍，並不特別稀奇,兒童的玩具
2025/4/3 下午 12:27:03,女,18至25歲,台灣,跟家人同住,未婚,1至3隻,每天多次,"為其取名並賦予性格, 為娃娃穿衣服, 娃娃與娃娃互相聊天/接觸, 拍照分享至社交平台, 抱抱/蹭蹭/吸吸, 出門前為娃娃蓋被被, 同一張被子下陪睡",完全不在意,"夥伴, 小寶貝",媽媽/爸爸,同意,同意,沒特別想法,沒特別想法/沒在這樣做,經常,同意,同意,沒意見,同意,同意,同意,同意,同意,沒有，也沒養寵物的打算,沒有，也沒有生小孩的打算,沒有,本來就沒有想生小孩,沒有想法,有，暫時還沒想到該怎麼辦,沒考慮過,個人自由,記得跟我的屍體放在一起,"https://drive.google.com/open?id=1uNn3VI5w9ImdRlJrPx4ywQcX2FJBfxXk, https://drive.google.com/open?id=17-5eNvJqyDLGRSqzvWkzzDcf5pxqAbs9",大隻的是剛出社會開始工作，用第一份薪水買的。很久以前就很喜歡鯊魚玩偶所以就買了。小隻的則是逛二手市集看到就買回家當大隻鯊魚的弟弟。,無,不用了謝謝 いいえ、結構,在某種程度上被理解,在某種程度上被理解,"兒童的玩具, 戀人、家人或朋友的禮物, 獲取療癒感"
2025/4/3 下午 12:30:10,女,18至25歲,台灣,獨居,未婚,1至3隻,每周數次,"攜帶出門, 拍照分享至社交平台, 同一張被子下陪睡",因為覺得害羞/丟臉所以都偷偷地做,夥伴,人類,同意,同意,不同意,同意,經常,同意,同意,不同意,同意,同意,同意,同意,沒意見,有,沒有，也沒有生小孩的打算,沒有,本來就沒有想生小孩,不同意，兩者需求性質不同,有，暫時還沒想到該怎麼辦,沒考慮過,可以增加出去玩的意願,,,,,不用了謝謝 いいえ、結構,很普遍，並不特別稀奇,有點稀奇，給人只有特定人士才會這樣做的印象,時尚單品
2025/4/3 下午 1:01:11,女,18至25歲,台灣,家人同住,未婚,4至6隻,每天多次,"攜帶上班上學, 攜帶參加活動(如Cosplay活動/馬拉松), 攜帶出門, 餵食, 日常聊天, 傾訴心事、秘密、煩惱, 為其取名並賦予性格, 為娃娃穿衣服, 娃娃與娃娃互相聊天/接觸, 拍照分享至社交平台, 扮演場景, 抱抱/蹭蹭/吸吸, 出門前為娃娃蓋被被, 國內旅行, 同一張被子下陪睡",有點在意，但是還好,家人,阿肥,同意,同意,同意,同意,經常,同意,同意,不同意,同意,同意,同意,同意,同意,沒有，也沒養寵物的打算,沒有，也沒有生小孩的打算,沒有,不同意，兩者需求性質不同,不同意，兩者需求性質不同,有，暫時還沒想到該怎麼辦,相信,娃娃是寶貝,,https://drive.google.com/open?id=10UvwrbSMmWSg8tspDYMFpRz10dA2FSrR,來了新的寶貝，一起拍個照,每個人都有心靈寄託的人事物，娃娃對於我們這些人來說就是一個心靈寄託；陪我們走過無數多個春夏秋冬，未來還是持續陪伴著我們,不用了謝謝 いいえ、結構,很普遍，並不特別稀奇,在某種程度上被理解,"兒童的玩具, 戀人、家人或朋友的禮物, 室內裝飾, 獲取療癒感, 心理治療"
2025/4/3 下午 9:25:09,男,26至33歲,台灣,與室友同住或與他人合租,未婚,1至3隻,每天1次,"出門前為娃娃蓋被被, 同一張被子下陪睡",完全不在意,寵物,沒有,沒特別想法,不同意,不同意,不同意,很少,不同意,不同意,不同意,不同意,不同意,同意,同意,沒意見,有,沒有，尚未決定,沒有,不同意，兩者需求性質不同,不同意，兩者需求性質不同,沒考慮過,沒考慮過,很酷,也許可以一起燒,,,,不用了謝謝 いいえ、結構,在某種程度上被理解,有點稀奇，給人只有特定人士才會這樣做的印象,"兒童的玩具, 戀人、家人或朋友的禮物, 室內裝飾, 獲取療癒感, 心理治療"
2025/4/3 下午 9:33:18,男,33至40歲,香港,與母親同住,未婚,1至3隻,每天多次,"日常聊天, 傾訴心事、秘密、煩惱, 抱抱/蹭蹭/吸吸, 出國旅行",完全不在意,"朋友, 家人, 夥伴, 收藏品",衰仔、自己的名字,沒特別想法,沒特別想法,同意,沒特別想法/沒在這樣做,有時,同意,同意,不同意,同意,同意,同意,沒意見,沒意見,沒有，也沒養寵物的打算,沒有，也沒有生小孩的打算,沒有,沒有想法,沒有想法,有，暫時還沒想到該怎麼辦,沒考慮過,,,,,,不用了謝謝 いいえ、結構,在某種程度上被理解,在某種程度上被理解,"兒童的玩具, 戀人、家人或朋友的禮物, 室內裝飾, 時尚單品, 獲取療癒感, 心理治療"
2025/4/3 下午 9:41:22,男,18至25歲,台灣,獨居,未婚,11隻以上,每周數次,把玩,完全不在意,收藏品,沒有稱謂,沒特別想法,沒特別想法,不同意,不同意,有時,同意,不同意,不同意,不同意,不同意,同意,沒意見,沒意見,沒有，也沒養寵物的打算,沒有，尚未決定,沒有,不同意，兩者需求性質不同,不同意，兩者需求性質不同,沒考慮過,沒考慮過,正常的行為,希望有下一個人可以繼續陪牠們玩,,,牠們的鼻子有長有短,不用了謝謝 いいえ、結構,很普遍，並不特別稀奇,在某種程度上被理解,"兒童的玩具, 戀人、家人或朋友的禮物, 室內裝飾, 獲取療癒感, 心理治療"
2025/4/3 下午 9:48:44,男,26至33歲,台灣,與伴侶或配偶同住,未婚,4至6隻,每天多次,"日常聊天, 為其取名並賦予性格, 抱抱/蹭蹭/吸吸, 同一張被子下陪睡",因為不會帶出門 所以還好,"朋友, 家人, 夥伴",人類,同意,同意,同意,同意,經常,同意,同意,同意,同意,同意,同意,同意,同意,沒有，也沒養寵物的打算,沒有，也沒有生小孩的打算,沒有,本來就沒有想生小孩,本來就沒有想養寵物,有，跟我一起火化/埋葬,相信,鯊鯊是家人,鯊鯊跟我一起走,,,,不用了謝謝 いいえ、結構,很普遍，並不特別稀奇,很普遍，並不特別稀奇,"兒童的玩具, 戀人、家人或朋友的禮物, 室內裝飾, 時尚單品, 獲取療癒感, 心理治療"
2025/4/3 下午 9:57:29,男,26至33歲,香港,與家人同住,未婚,1至3隻,每周數次,"日常聊天, 為其取名並賦予性格, 抱抱/蹭蹭/吸吸, 國內旅行, 出國旅行, 同一張被子下陪睡",有點在意，但是還好,"朋友, 家人, 夥伴",我的名字,同意,同意,沒特別想法,沒特別想法/沒在這樣做,有時,同意,沒特別想法,不同意,同意,沒意見,同意,同意,同意,有,沒有，尚未決定,沒有,部分同意,部分同意,有，交托給親友,沒考慮過,,,,,,不用了謝謝 いいえ、結構,不知道/沒有概念,不知道/沒有概念,"兒童的玩具, 戀人、家人或朋友的禮物, 室內裝飾"
2025/4/3 下午 10:04:02,男,18至25歲,台灣,獨居,未婚,7至10隻,每天多次,"攜帶上班上學, 攜帶參加活動(如Cosplay活動/馬拉松), 攜帶出門, 為娃娃穿衣服, 拍照分享至社交平台, 抱抱/蹭蹭/吸吸, 國內旅行, 出國旅行, 讓娃娃以乘客姿態坐在自己駕駛/乘搭的交通工具上(不限私家車/機車/單車/公車/計程車/飛機)",有點在意，但是還好,"朋友, 寵物, 夥伴, 收藏品",主人,同意,同意,沒特別想法,沒特別想法/沒在這樣做,經常,同意,同意,同意,同意,同意,同意,同意,同意,有,沒有，也沒有生小孩的打算,有,本來就沒有想生小孩,沒有想法,有，交托給親友,沒考慮過,,,,,,,在某種程度上被理解,在某種程度上被理解,"兒童的玩具, 室內裝飾, 時尚單品"
2025/4/3 下午 10:38:13,女,18至25歲,台灣,與伴侶或配偶同住,未婚,1至3隻,每天多次,"攜帶上班上學, 攜帶參加活動(如Cosplay活動/馬拉松), 攜帶出門, 餵食, 為娃娃穿衣服, 拍照分享至社交平台, 抱抱/蹭蹭/吸吸, 同一張被子下陪睡",完全不在意,收藏品,無、粉肝（我推角對粉絲的稱呼）,同意,同意,不同意,同意,有時,同意,沒特別想法,不同意,不同意,不同意,同意,同意,同意,沒有，但有養寵物的打算,沒有，尚未決定,有,不同意，兩者需求性質不同,不同意，兩者需求性質不同,有，交托給親友,沒考慮過,心靈寄託,給有需要的人,"https://drive.google.com/open?id=1Wdw-Ev4p2CdPg_7Fs5ptChM1Y8ITymaN, https://drive.google.com/open?id=1A4UxpCQroCbBhnVXgzCFafb2dNEPurPt, https://drive.google.com/open?id=1TmZ5Gey17W4ePnQ3PjETJDyFbWQmWv_A, https://drive.google.com/open?id=1_54I_JJHwtO1x7CSUDBTPArg8aXxE9Zi",我推非官方合作咖啡廳還有好看的coser,,可以 いいね,很普遍，並不特別稀奇,很普遍，並不特別稀奇,"兒童的玩具, 戀人、家人或朋友的禮物, 獲取療癒感"
2025/4/3 下午 10:49:59,男,26至33歲,香港,獨居,未婚,7至10隻,每天多次,"日常聊天, 傾訴心事、秘密、煩惱, 為其取名並賦予性格, 為娃娃穿衣服, 娃娃與娃娃互相聊天/接觸, 拍照分享至社交平台, 抱抱/蹭蹭/吸吸, 出門前為娃娃蓋被被, 出國旅行, 同一張被子下陪睡, 讓娃娃以乘客姿態坐在自己駕駛/乘搭的交通工具上(不限私家車/機車/單車/公車/計程車/飛機)",有點在意，但是還好,"朋友, 家人, 夥伴, 同輩","人類, 爛東西",我不覺得是因為孤獨感而跟鯊鯊們聊天。,可能娃娃反映了一部份的我，細想可能是每個娃娃的個性是源自我個性的一些部份,沒特別想法,同意,經常,同意,同意,不同意,不同意,同意,同意,可能是我的一生有在陪伴娃娃。雖然他們是娃娃，但是感情是永遠的,是。娃娃是娃娃，但是也是有生命的！這生命是自己跟周邊的事物的關係。陌生人的生命因為沒有交雜，我們不那麼在乎，但娃娃跟親人，是在身邊的，所以他們都有在我們自己的情感上有一個跟生命一樣重有的位置。,沒有，也沒養寵物的打算,沒有，也沒有生小孩的打算,有,本來就沒有想生小孩,本來就沒有想養寵物,鯊鯊說如果人類死前有告訴他們讓他們知道。而且要開好冷氣繳好電費！,沒考慮過,就很正常！也可能是一個情感出口吧？算不算是依賴就不一定。,因為我個對死亡沒有什麼害怕，我常常也跟鯊鯊討論，只是也沒什麼好的結論。暫時也只時大家都好好面對吧。就像我跟鯊鯊也承認他們只是死物，但是我們可以聊天分享尊重跟包容 。,,,他們過的比人類好！可以整天睡覺，只是他們不開心用不了iPad看YouTube，不能自己動跟touch，要人類開給他們。,不用了謝謝 いいえ、結構,很普遍，並不特別稀奇,在某種程度上被理解,"兒童的玩具, 戀人、家人或朋友的禮物, 室內裝飾, 時尚單品, 獲取療癒感"
2025/4/3 下午 11:02:05,女,26至33歲,台灣,與伴侶或配偶同住,未婚,4至6隻,每天多次,"攜帶出門, 為娃娃穿衣服, 娃娃與娃娃互相聊天/接觸, 扮演場景, 抱抱/蹭蹭/吸吸, 出門前為娃娃蓋被被, 國內旅行, 出國旅行, 同一張被子下陪睡",有點在意，但是還好,家人,媽媽/爸爸,同意,同意,不同意,同意,有時,同意,同意,同意,同意,同意,同意,同意,不同意,有,沒有，也沒有生小孩的打算,沒有,本來就沒有想生小孩,不同意，兩者需求性質不同,有，暫時還沒想到該怎麼辦,沒考慮過,,,,,,,很普遍，並不特別稀奇,很普遍，並不特別稀奇,"兒童的玩具, 戀人、家人或朋友的禮物, 獲取療癒感, 心理治療"
2025/4/3 下午 11:28:52,男,18至25歲,台灣,與室友同住或與他人合租,未婚,沒有,,,,,,,,,,,,,,,,,,,,,,,,,,,,,,,,在某種程度上被理解,在某種程度上被理解,"兒童的玩具, 戀人、家人或朋友的禮物, 室內裝飾, 獲取療癒感"
2025/4/3 下午 11:31:45,女,26至33歲,香港,獨居,已婚,11隻以上,每天多次,"傾訴心事、秘密、煩惱, 為其取名並賦予性格, 為娃娃穿衣服, 娃娃與娃娃互相聊天/接觸, 抱抱/蹭蹭/吸吸, 出門前為娃娃蓋被被, 國內旅行, 出國旅行, 同一張被子下陪睡",完全不在意,"朋友, 家人, 夥伴, 下一代/子女",媽媽/爸爸,同意,同意,沒特別想法,沒特別想法/沒在這樣做,經常,同意,同意,沒意見,同意,同意,同意,同意,同意,沒有，也沒養寵物的打算,沒有，但有生小孩的打算,有,不同意，兩者需求性質不同,不同意，兩者需求性質不同,有，暫時還沒想到該怎麼辦,沒考慮過,,,,,,不用了謝謝 いいえ、結構,很普遍，並不特別稀奇,很普遍，並不特別稀奇,"兒童的玩具, 戀人、家人或朋友的禮物, 室內裝飾, 獲取療癒感"
2025/4/3 下午 11:56:54,男,33至40歲,台灣,與伴侶或配偶同住,已婚,4至6隻,每天多次,"為其取名並賦予性格, 為娃娃穿衣服, 娃娃與娃娃互相聊天/接觸, 拍照分享至社交平台, 抱抱/蹭蹭/吸吸, 出門前為娃娃蓋被被, 國內旅行, 出國旅行, 同一張被子下陪睡, 讓娃娃以乘客姿態坐在自己駕駛/乘搭的交通工具上(不限私家車/機車/單車/公車/計程車/飛機)",完全不在意,家人,媽媽/爸爸,同意,同意,沒特別想法,同意,經常,同意,同意,沒意見,同意,同意,同意,同意,同意,沒有，也沒養寵物的打算,沒有，但有生小孩的打算,有,不同意，兩者需求性質不同,本來就沒有想養寵物,有，跟我一起火化/埋葬,相信,,,,,,可以 いいね,很普遍，並不特別稀奇,很普遍，並不特別稀奇,"兒童的玩具, 戀人、家人或朋友的禮物, 室內裝飾, 時尚單品, 獲取療癒感, 心理治療"
2025/4/4 上午 12:42:39,女,26至33歲,台灣,獨居,未婚,1至3隻,每天1次,"攜帶參加活動(如Cosplay活動/馬拉松), 拍照分享至社交平台, 抱抱/蹭蹭/吸吸, 出門前為娃娃蓋被被, 同一張被子下陪睡",有點在意，但是還好,"夥伴, 收藏品",人類,沒特別想法,不同意,不同意,沒特別想法/沒在這樣做,很少,沒特別想法,沒特別想法,不同意,沒意見,沒意見,同意,同意,沒意見,有,沒有，也沒有生小孩的打算,沒有,本來就沒有想生小孩,部分同意,沒考慮過,沒考慮過,,有需要，想要的人就拿走吧!死人不需要任何東西,,,,不用了謝謝 いいえ、結構,很普遍，並不特別稀奇,很普遍，並不特別稀奇,"兒童的玩具, 戀人、家人或朋友的禮物, 室內裝飾, 時尚單品, 獲取療癒感, 心理治療"
2025/4/4 上午 1:33:14,女,26至33歲,香港,與家人同住,未婚,11隻以上,每天多次,"攜帶上班上學, 攜帶出門, 日常聊天, 為其取名並賦予性格, 為娃娃與娃娃組織家庭, 為娃娃穿衣服, 娃娃與娃娃互相聊天/接觸, 拍照分享至社交平台, 抱抱/蹭蹭/吸吸, 出門前為娃娃蓋被被, 國內旅行, 出國旅行, 同一張被子下陪睡",有點在意，但是還好,"家人, 夥伴",哥哥/姐姐,同意,同意,同意,沒特別想法/沒在這樣做,經常,同意,同意,不同意,同意,同意,同意,同意,同意,沒有，也沒養寵物的打算,沒有，也沒有生小孩的打算,沒有,部分同意,部分同意,沒考慮過,沒考慮過,,,https://drive.google.com/open?id=1TMe9rhblpnyXCJGpd3kzbQEkoedD7nHM,,,不用了謝謝 いいえ、結構,很普遍，並不特別稀奇,很普遍，並不特別稀奇,"兒童的玩具, 戀人、家人或朋友的禮物, 室內裝飾, 時尚單品, 獲取療癒感, 心理治療"
2025/4/4 上午 1:55:24,女,26至33歲,香港,與伴侶或配偶同住,已婚,1至3隻,每天多次,"日常聊天, 為其取名並賦予性格, 為娃娃與娃娃組織家庭, 為娃娃穿衣服, 娃娃與娃娃互相聊天/接觸, 抱抱/蹭蹭/吸吸, 出門前為娃娃蓋被被, 同一張被子下陪睡",有點在意，但是還好,"朋友, 家人, 寵物, 夥伴, 收藏品",,同意,沒特別想法,不同意,沒特別想法/沒在這樣做,有時,同意,同意,不同意,同意,沒意見,同意,同意,同意,沒有，但有養寵物的打算,沒有，也沒有生小孩的打算,有,不同意，兩者需求性質不同,不同意，兩者需求性質不同,沒考慮過,沒考慮過,挺好的愛好,,"https://drive.google.com/open?id=1IYALtPadMZ1h-IkhViyhSkiEOq7mbYgx, https://drive.google.com/open?id=1oQjnn7A-ZOJpWvRtj-qXVP-LrylRB7ej, https://drive.google.com/open?id=1MUMm_mNIyPyhB2V5_xjX4OMxNsv-MPiw, https://drive.google.com/open?id=1FF8fHOGy0SSyMPmp7I8QWFFdTnxzUNBa, https://drive.google.com/open?id=1infvm-KuFG8yefO_CI4bpBUNskcqZ5LR","Sticky 莎莎 好攰熊 和我一起玩掉彩虹🌈
sticky和好攰熊看窗外風景🌊
好攰熊陪我溫習facial muscles",,不用了謝謝 いいえ、結構,很普遍，並不特別稀奇,在某種程度上被理解,"兒童的玩具, 戀人、家人或朋友的禮物, 室內裝飾, 獲取療癒感"
2025/4/4 上午 8:23:02,女,18至25歲,台灣,獨居,未婚,1至3隻,每天多次,"攜帶上班上學, 攜帶出門, 抱抱/蹭蹭/吸吸, 同一張被子下陪睡",有點在意，但是還好,"朋友, 寵物, 收藏品",媽媽/爸爸,同意,同意,不同意,沒特別想法/沒在這樣做,經常,沒特別想法,同意,不同意,不同意,不同意,同意,同意,不同意,沒有，但有養寵物的打算,沒有，也沒有生小孩的打算,有,本來就沒有想生小孩,不同意，兩者需求性質不同,沒考慮過,不相信,,,,,,不用了謝謝 いいえ、結構,在某種程度上被理解,在某種程度上被理解,"兒童的玩具, 獲取療癒感"
2025/4/4 上午 9:00:56,女,18至25歲,台灣,與家人同住,未婚,4至6隻,每天1次,"攜帶上班上學, 攜帶參加活動(如Cosplay活動/馬拉松), 攜帶出門, 為其取名並賦予性格, 為娃娃與娃娃組織家庭, 娃娃與娃娃互相聊天/接觸, 拍照分享至社交平台, 扮演場景, 抱抱/蹭蹭/吸吸, 出門前為娃娃蓋被被, 國內旅行, 出國旅行, 同一張被子下陪睡, 讓娃娃以乘客姿態坐在自己駕駛/乘搭的交通工具上(不限私家車/機車/單車/公車/計程車/飛機)",有點在意，但是還好,"朋友, 家人, 夥伴",主人,同意,同意,不同意,沒特別想法/沒在這樣做,經常,同意,同意,沒意見,同意,同意,同意,同意,同意,沒有，但有養寵物的打算,沒有，尚未決定,沒有,沒有想法,部分同意,沒考慮過,沒考慮過,,,,,,不用了謝謝 いいえ、結構,很普遍，並不特別稀奇,在某種程度上被理解,"兒童的玩具, 戀人、家人或朋友的禮物, 室內裝飾, 時尚單品, 獲取療癒感, 心理治療"
2025/4/4 上午 9:43:44,男,18至25歲,馬來西亞,與室友同住或與他人合租,未婚,4至6隻,每天1次,"為其取名並賦予性格, 為娃娃與娃娃組織家庭, 娃娃與娃娃互相聊天/接觸, 拍照分享至社交平台, 抱抱/蹭蹭/吸吸, 出門前為娃娃蓋被被, 國內旅行, 出國旅行, 同一張被子下陪睡, 讓娃娃以乘客姿態坐在自己駕駛/乘搭的交通工具上(不限私家車/機車/單車/公車/計程車/飛機)",完全不在意,"夥伴, 因為大部分娃娃是女朋友送的禮物，所以會當作對方",,同意,沒特別想法,不同意,沒特別想法/沒在這樣做,經常,同意,沒特別想法,不同意,不同意,沒意見,同意,沒意見,不同意,沒有，也沒養寵物的打算,沒有，也沒有生小孩的打算,沒有,不同意，兩者需求性質不同,同意，降低養寵物意願,有，交托給親友,不相信,讚,根據我對親友性格的認識，分配給他們不同的娃娃，希望他們好好照顧。,"https://drive.google.com/open?id=1V9f3z9i8tOEp195rb8PTXLv8N_jdx0LF, https://drive.google.com/open?id=1xwdWu3kPtT8TMnRavpr4uPMUW5-FIaMi",女友送的阿沃卡多。我帶它到廣州旅行，和農曆新年裝飾家裡的照片,娃娃 讚,可以 いいね,在某種程度上被理解,在某種程度上被理解,"兒童的玩具, 戀人、家人或朋友的禮物, 室內裝飾, 時尚單品, 獲取療癒感, 心理治療"
2025/4/4 上午 10:41:59,男,18至25歲,台灣,與室友同住或與他人合租,未婚,1至3隻,每天多次,"日常聊天, 為其取名並賦予性格, 抱抱/蹭蹭/吸吸, 同一張被子下陪睡",因為覺得害羞/丟臉所以都偷偷地做,"朋友, 夥伴",人類,同意,沒特別想法,沒特別想法,沒特別想法/沒在這樣做,有時,同意,沒特別想法,不同意,同意,同意,同意,同意,沒意見,沒有，也沒養寵物的打算,沒有，尚未決定,有,不同意，兩者需求性質不同,本來就沒有想養寵物,沒考慮過,相信,,,,,,不用了謝謝 いいえ、結構,在某種程度上被理解,在某種程度上被理解,"兒童的玩具, 時尚單品, 獲取療癒感"
2025/4/4 上午 10:48:05,男,26至33歲,香港,獨居,未婚,1至3隻,每天多次,"日常聊天, 為其取名並賦予性格, 為娃娃與娃娃組織家庭, 娃娃與娃娃互相聊天/接觸, 抱抱/蹭蹭/吸吸, 出門前為娃娃蓋被被, 同一張被子下陪睡",因為覺得害羞/丟臉所以都偷偷地做,"朋友, 家人, 寵物, 夥伴, 同輩",媽媽/爸爸,同意,同意,沒特別想法,沒特別想法/沒在這樣做,經常,同意,同意,沒意見,同意,同意,同意,同意,同意,沒有，也沒養寵物的打算,沒有，尚未決定,有,不同意，兩者需求性質不同,不同意，兩者需求性質不同,有，跟我一起火化/埋葬,相信,,,,,,不用了謝謝 いいえ、結構,有點稀奇，給人只有特定人士才會這樣做的印象,有點稀奇，給人只有特定人士才會這樣做的印象,"兒童的玩具, 戀人、家人或朋友的禮物"
2025/4/4 上午 11:54:53,女,18歲以下,台灣,與家人同住,未婚,1至3隻,每天多次,"為其取名並賦予性格, 拍照分享至社交平台, 抱抱/蹭蹭/吸吸, 出門前為娃娃蓋被被, 同一張被子下陪睡",有點在意，但是還好,"朋友, 家人",,同意,同意,沒特別想法,沒特別想法/沒在這樣做,經常,同意,沒特別想法,沒意見,同意,同意,同意,同意,同意,沒有，也沒養寵物的打算,有,有,本來就沒有想生小孩,同意，降低養寵物意願,有，暫時還沒想到該怎麼辦,不相信,,,,,,不用了謝謝 いいえ、結構,不知道/沒有概念,不知道/沒有概念,"兒童的玩具, 戀人、家人或朋友的禮物, 室內裝飾, 獲取療癒感, 心理治療"
2025/4/4 下午 12:42:01,女,26至33歲,香港,父母,未婚,1至3隻,每天多次,"攜帶出門, 為其取名並賦予性格, 為娃娃穿衣服, 娃娃與娃娃互相聊天/接觸, 拍照分享至社交平台, 扮演場景, 抱抱/蹭蹭/吸吸, 出門前為娃娃蓋被被, 出國旅行, 同一張被子下陪睡",如果可以的話不想被人知道,"家人, 夥伴, 收藏品","人類, 主人",同意,同意,同意,同意,經常,同意,同意,同意,同意,同意,同意,同意,同意,沒有，但有養寵物的打算,沒有，也沒有生小孩的打算,有,本來就沒有想生小孩,不同意，兩者需求性質不同,有，跟我一起火化/埋葬,相信,精神支柱 心靈放鬆,一個也不能少 全跟我一起走,"https://drive.google.com/open?id=11SE1XYk8b-PwMdL4FyRYADFJuEn9A5cn, https://drive.google.com/open?id=1acBHJLgYkVzP-ma1zIh29YQ77qeuKBtm, https://drive.google.com/open?id=18LLSfaA91mpdkCPhIZ1htxCBDIK4VE9D, https://drive.google.com/open?id=17ixm35jSg025UFh73b4ykubzgh_Uxu4s, https://drive.google.com/open?id=1_vWccKWbBwQFr2TaNEFBp5mUrlvhLZNS, https://drive.google.com/open?id=1kTT7d19hBkhibuHYDX5mmmTD6ain51Zy, https://drive.google.com/open?id=1aVLJWZgEKwdcJ0BF6kfih5m23WqvYKyP",出門遊玩 and 朋友聚會,一對上眼神，那就是它,不用了謝謝 いいえ、結構,會被認為是不自然的,會被認為是不自然的,"兒童的玩具, 戀人、家人或朋友的禮物"
2025/4/4 下午 12:52:58,女,18歲以下,台灣,跟家人,未婚,11隻以上,每天多次,"攜帶參加活動(如Cosplay活動/馬拉松), 攜帶出門, 為其取名並賦予性格, 為娃娃與娃娃組織家庭, 為娃娃穿衣服, 娃娃與娃娃互相聊天/接觸, 拍照分享至社交平台, 扮演場景, 抱抱/蹭蹭/吸吸, 出門前為娃娃蓋被被, 國內旅行, 出國旅行, 同一張被子下陪睡, 讓娃娃以乘客姿態坐在自己駕駛/乘搭的交通工具上(不限私家車/機車/單車/公車/計程車/飛機)",完全不在意,家人,媽媽/爸爸,同意,同意,沒特別想法,同意,經常,同意,同意,同意,同意,同意,同意,同意,同意,沒有，也沒養寵物的打算,沒有，尚未決定,有,同意，降低生育意願,不同意，兩者需求性質不同,有，暫時還沒想到該怎麼辦,不相信,養娃要比生孩好,,,,,不用了謝謝 いいえ、結構,很普遍，並不特別稀奇,很普遍，並不特別稀奇,"兒童的玩具, 戀人、家人或朋友的禮物, 時尚單品"
2025/4/4 下午 2:48:39,女,26至33歲,台灣,家人同住,未婚,1至3隻,每天1次,同一張被子下陪睡,完全不在意,床伴,無,沒特別想法,沒特別想法,沒特別想法,沒特別想法/沒在這樣做,很少,沒特別想法,不同意,不同意,不同意,不同意,同意,沒意見,不同意,沒有，也沒養寵物的打算,沒有，也沒有生小孩的打算,沒有,本來就沒有想生小孩,不同意，兩者需求性質不同,沒考慮過,沒考慮過,,,,,,不用了謝謝 いいえ、結構,很普遍，並不特別稀奇,不知道/沒有概念,"兒童的玩具, 戀人、家人或朋友的禮物, 室內裝飾, 時尚單品, 獲取療癒感, 心理治療"
2025/4/4 下午 3:12:07,女,18至25歲,台灣,與伴侶或配偶同住,未婚,11隻以上,每天多次,"攜帶上班上學, 攜帶出門, 日常聊天, 傾訴心事、秘密、煩惱, 為其取名並賦予性格, 為娃娃與娃娃組織家庭, 娃娃與娃娃互相聊天/接觸, 拍照分享至社交平台, 扮演場景, 抱抱/蹭蹭/吸吸, 出門前為娃娃蓋被被, 國內旅行, 出國旅行, 同一張被子下陪睡",因為覺得害羞/丟臉所以都偷偷地做,"朋友, 家人, 寵物, 夥伴, 收藏品","媽媽/爸爸, 主人",同意,同意,同意,沒特別想法/沒在這樣做,經常,同意,同意,同意,同意,同意,同意,同意,同意,沒有，也沒養寵物的打算,沒有，尚未決定,有,部分同意,部分同意,沒考慮過,沒考慮過,很可愛,,"https://drive.google.com/open?id=1crcWH9Mt-cayI00QErxwOxF6zXs-erlb, https://drive.google.com/open?id=1bqbfcgtddTXTotI_zKUwqxOaO43cEs3K",,很可愛,不用了謝謝 いいえ、結構,很普遍，並不特別稀奇,不知道/沒有概念,"兒童的玩具, 戀人、家人或朋友的禮物, 獲取療癒感"
2025/4/4 下午 4:25:19,女,26至33歲,香港,與父母同住,未婚,1至3隻,幾乎沒有,抱抱/蹭蹭/吸吸,完全不在意,收藏品,沒有,同意,沒特別想法,不同意,沒特別想法/沒在這樣做,很少,沒特別想法,同意,不同意,不同意,不同意,同意,同意,不同意,有,沒有，也沒有生小孩的打算,沒有,本來就沒有想生小孩,不同意，兩者需求性質不同,有，跟我一起火化/埋葬,不相信,,,,,,不用了謝謝 いいえ、結構,很普遍，並不特別稀奇,在某種程度上被理解,"兒童的玩具, 戀人、家人或朋友的禮物, 室內裝飾, 時尚單品, 獲取療癒感"
2025/4/4 下午 5:24:30,女,33至40歲,香港,與父母同住,未婚,4至6隻,每天1次,"攜帶上班上學, 日常聊天, 傾訴心事、秘密、煩惱, 拍照分享至社交平台, 抱抱/蹭蹭/吸吸, 出國旅行, 同一張被子下陪睡",有點在意，但是還好,"朋友, 夥伴",沒有稱呼,同意,同意,同意,沒特別想法/沒在這樣做,經常,同意,同意,不同意,沒意見,同意,同意,同意,沒意見,沒有，也沒養寵物的打算,沒有，但有生小孩的打算,沒有,不同意，兩者需求性質不同,部分同意,沒考慮過,沒考慮過,,,"https://drive.google.com/open?id=1M1S_dEynY78-kat9h24BkpwfyviqPFAw, https://drive.google.com/open?id=12jSC9ApIIOrLHsOjJ7KzbSey3DGSr6BO, https://drive.google.com/open?id=1UHoX1VBQ0onjtnzJNfF1kSi2m3RIMi4y",去旅行的同伴，培養興趣（種植）的同伴,,不用了謝謝 いいえ、結構,不知道/沒有概念,不成熟，但因為我是女性，被人認為是裝可愛，還是社會可接受的,"兒童的玩具, 戀人、家人或朋友的禮物"
2025/4/4 下午 9:07:19,女,26至33歲,香港,與伴侶或配偶同住,已婚,4至6隻,每天1次,"攜帶出門, 日常聊天, 為其取名並賦予性格, 娃娃與娃娃互相聊天/接觸, 抱抱/蹭蹭/吸吸, 出門前為娃娃蓋被被, 同一張被子下陪睡, 讓娃娃以乘客姿態坐在自己駕駛/乘搭的交通工具上(不限私家車/機車/單車/公車/計程車/飛機)",如果可以的話不想被人知道,朋友,主人,沒特別想法,同意,不同意,沒特別想法/沒在這樣做,有時,同意,同意,同意,同意,同意,同意,同意,同意,沒有，也沒養寵物的打算,沒有，也沒有生小孩的打算,有,本來就沒有想生小孩,不同意，兩者需求性質不同,有，暫時還沒想到該怎麼辦,沒考慮過,每個人都應該有公仔陪伴，現在沒有只是還未跟他相遇,,,,,不用了謝謝 いいえ、結構,在某種程度上被理解,會被認為是不自然的,"兒童的玩具, 戀人、家人或朋友的禮物, 心理治療"
2025/4/4 下午 9:57:13,女,41至48歲,台灣,獨居,未婚,1至3隻,每天多次,"日常聊天, 傾訴心事、秘密、煩惱, 娃娃與娃娃互相聊天/接觸, 抱抱/蹭蹭/吸吸, 出門前為娃娃蓋被被, 同一張被子下陪睡, 讓娃娃以乘客姿態坐在自己駕駛/乘搭的交通工具上(不限私家車/機車/單車/公車/計程車/飛機)",完全不在意,"家人, 寵物",哥哥/姐姐,同意,同意,沒特別想法,沒特別想法/沒在這樣做,經常,同意,同意,沒意見,同意,同意,同意,同意,沒意見,沒有，也沒養寵物的打算,沒有，也沒有生小孩的打算,有,本來就沒有想生小孩,不同意，兩者需求性質不同,有，跟我一起火化/埋葬,相信,,,,,,不用了謝謝 いいえ、結構,在某種程度上被理解,在某種程度上被理解,獲取療癒感
2025/4/4 下午 10:00:19,女,26至33歲,香港,與家人同住,未婚,4至6隻,每天多次,"攜帶出門, 日常聊天, 為其取名並賦予性格, 為娃娃穿衣服, 娃娃與娃娃互相聊天/接觸, 拍照分享至社交平台, 抱抱/蹭蹭/吸吸, 出門前為娃娃蓋被被, 國內旅行, 出國旅行, 同一張被子下陪睡, 讓娃娃以乘客姿態坐在自己駕駛/乘搭的交通工具上(不限私家車/機車/單車/公車/計程車/飛機)",有點在意，但是還好,"朋友, 家人, 夥伴",人類,同意,同意,不同意,沒特別想法/沒在這樣做,經常,同意,同意,沒意見,沒意見,沒意見,同意,同意,同意,有,沒有，尚未決定,沒有,不同意，兩者需求性質不同,不同意，兩者需求性質不同,沒考慮過,沒考慮過,,,https://drive.google.com/open?id=168aOAwR6X9JYOqgibaRq5-RdTJTqZEle,娃娃的生日,,不用了謝謝 いいえ、結構,很普遍，並不特別稀奇,在某種程度上被理解,"兒童的玩具, 戀人、家人或朋友的禮物, 獲取療癒感"
2025/4/4 下午 10:44:25,男,49歲以上,香港,與室友同住或與他人合租,已婚,11隻以上,偶爾,"為其取名並賦予性格, 為娃娃穿衣服, 拍照分享至社交平台, 同一張被子下陪睡",有點在意，但是還好,"朋友, 夥伴",名字,同意,同意,沒特別想法,沒特別想法/沒在這樣做,有時,同意,不同意,沒意見,同意,同意,同意,同意,同意,沒有，也沒養寵物的打算,沒有，也沒有生小孩的打算,沒有,不同意，兩者需求性質不同,同意，降低養寵物意願,有，暫時還沒想到該怎麼辦,相信,,,,,,不用了謝謝 いいえ、結構,會被認為是不自然的,幼稚,"兒童的玩具, 戀人、家人或朋友的禮物, 室內裝飾, 時尚單品"
2025/4/5 上午 12:43:01,女,26至33歲,香港,和家人一起住,未婚,4至6隻,每天多次,"攜帶上班上學, 攜帶參加活動(如Cosplay活動/馬拉松), 攜帶出門, 傾訴心事、秘密、煩惱, 為其取名並賦予性格, 為娃娃與娃娃組織家庭, 為娃娃穿衣服, 娃娃與娃娃互相聊天/接觸, 拍照分享至社交平台, 國內旅行, 出國旅行, 同一張被子下陪睡, 讓娃娃以乘客姿態坐在自己駕駛/乘搭的交通工具上(不限私家車/機車/單車/公車/計程車/飛機)",有點在意，但是還好,"朋友, 家人, 夥伴, 收藏品","媽媽/爸爸, 哥哥/姐姐",同意,同意,沒特別想法,同意,經常,同意,同意,同意,同意,同意,同意,同意,同意,沒有，也沒養寵物的打算,沒有，也沒有生小孩的打算,有,同意，降低生育意願,同意，降低養寵物意願,有，暫時還沒想到該怎麼辦,沒考慮過,情感的寄託、一種對社會現象流行趨勢觀察的研究方式、不排除是一種社會變遷的現象,對於可能未來產生的行業有一定的期待,,,對一個內向的人來說娃娃像是一個與外界連結的溝通的媒介與勇氣,可以 いいね,在某種程度上被理解,在某種程度上被理解,"兒童的玩具, 戀人、家人或朋友的禮物, 室內裝飾, 時尚單品, 獲取療癒感, 心理治療"
2025/4/5 上午 1:53:15,女,26至33歲,法国,獨居,未婚,1至3隻,每天1次,"為其取名並賦予性格, 為娃娃與娃娃組織家庭, 娃娃與娃娃互相聊天/接觸, 抱抱/蹭蹭/吸吸, 同一張被子下陪睡",完全不在意,寵物,名字,同意,沒特別想法,不同意,沒特別想法/沒在這樣做,有時,同意,不同意,同意,不同意,不同意,同意,同意,同意,沒有，也沒養寵物的打算,沒有，尚未決定,沒有,部分同意,沒有想法,沒考慮過,沒考慮過,,,,,,不用了謝謝 いいえ、結構,會被認為是不自然的,會被認為是不自然的,兒童的玩具
2025/4/5 上午 11:40:52,女,18至25歲,台灣,與室友同住或與他人合租,未婚,7至10隻,每天多次,"攜帶上班上學, 日常聊天, 為其取名並賦予性格, 娃娃與娃娃互相聊天/接觸, 抱抱/蹭蹭/吸吸, 出門前為娃娃蓋被被, 國內旅行, 同一張被子下陪睡",有點在意，但是還好,"朋友, 家人, 寵物, 夥伴",人類,同意,同意,沒特別想法,沒特別想法/沒在這樣做,經常,同意,同意,沒意見,同意,同意,同意,同意,同意,沒有，但有養寵物的打算,沒有，也沒有生小孩的打算,有,本來就沒有想生小孩,部分同意,有，交托給親友,沒考慮過,,,,,,,很普遍，並不特別稀奇,在某種程度上被理解,"兒童的玩具, 戀人、家人或朋友的禮物, 室內裝飾, 獲取療癒感, 心理治療"
2025/4/5 下午 1:43:47,女,18至25歲,台灣,與室友同住或與他人合租,未婚,11隻以上,每天多次,"攜帶參加活動(如Cosplay活動/馬拉松), 攜帶出門, 餵食, 日常聊天, 傾訴心事、秘密、煩惱, 為其取名並賦予性格, 為娃娃與娃娃組織家庭, 為娃娃穿衣服, 娃娃與娃娃互相聊天/接觸, 扮演場景, 抱抱/蹭蹭/吸吸, 出門前為娃娃蓋被被, 國內旅行, 同一張被子下陪睡, 讓娃娃以乘客姿態坐在自己駕駛/乘搭的交通工具上(不限私家車/機車/單車/公車/計程車/飛機)",因為覺得害羞/丟臉所以都偷偷地做,"朋友, 家人, 寵物, 夥伴, 同輩, 下一代/子女",跟家人稱呼我的方式一樣,同意,同意,同意,沒特別想法/沒在這樣做,經常,同意,同意,同意,同意,同意,同意,同意,同意,沒有，也沒養寵物的打算,沒有，尚未決定,沒有,部分同意,同意，降低養寵物意願,有，暫時還沒想到該怎麼辦,相信,省錢 正常,,,,他是全世界上最棒的娃娃,不用了謝謝 いいえ、結構,很普遍，並不特別稀奇,會被認為是不自然的,"兒童的玩具, 戀人、家人或朋友的禮物, 獲取療癒感"
2025/4/5 下午 2:56:49,男,18歲以下,台灣,家人,未婚,4至6隻,每天多次,"日常聊天, 傾訴心事、秘密、煩惱, 為其取名並賦予性格, 為娃娃穿衣服, 抱抱/蹭蹭/吸吸, 出門前為娃娃蓋被被, 同一張被子下陪睡, 讓娃娃以乘客姿態坐在自己駕駛/乘搭的交通工具上(不限私家車/機車/單車/公車/計程車/飛機)",完全不在意,"朋友, 家人, 寵物, 夥伴, 同輩",無,同意,沒特別想法,沒特別想法,沒特別想法/沒在這樣做,經常,同意,不同意,不同意,不同意,沒意見,同意,同意,同意,沒有，也沒養寵物的打算,沒有，也沒有生小孩的打算,有,部分同意,同意，降低養寵物意願,有，暫時還沒想到該怎麼辦,不相信,,,,,,不用了謝謝 いいえ、結構,,,
2025/4/5 下午 6:23:55,女,18至25歲,台灣,與室友同住或與他人合租,未婚,7至10隻,每天多次,"日常聊天, 傾訴心事、秘密、煩惱, 為其取名並賦予性格, 娃娃與娃娃互相聊天/接觸, 抱抱/蹭蹭/吸吸, 出門前為娃娃蓋被被, 同一張被子下陪睡",有點在意，但是還好,"朋友, 家人, 寵物, 夥伴, 同輩","人類, 主人",同意,同意,同意,沒特別想法/沒在這樣做,經常,同意,同意,不同意,同意,同意,同意,同意,同意,沒有，也沒養寵物的打算,沒有，也沒有生小孩的打算,沒有,同意，降低生育意願,同意，降低養寵物意願,有，跟我一起火化/埋葬,相信,,,https://drive.google.com/open?id=1oIW9NEOtENM4PN-h_8EFwr5ZJC01fZ2v,冬天時要蓋好被子,,可以 いいね,在某種程度上被理解,有點稀奇，給人只有特定人士才會這樣做的印象,"兒童的玩具, 戀人、家人或朋友的禮物, 室內裝飾, 時尚單品, 獲取療癒感, 心理治療"
2025/4/5 下午 6:24:56,女,41至48歲,台灣,與父母同住,未婚,7至10隻,每周數次,"攜帶上班上學, 攜帶參加活動(如Cosplay活動/馬拉松), 攜帶出門, 餵食, 為娃娃穿衣服, 娃娃與娃娃互相聊天/接觸, 拍照分享至社交平台, 扮演場景, 國內旅行, 出國旅行",有點在意，但是還好,"朋友, 家人, 寵物, 下一代/子女, 收藏品, 推し","主人, 我的社交網路用暱稱",同意,同意,沒特別想法,同意,經常,同意,同意,同意,同意,同意,同意,同意,同意,有,沒有，也沒有生小孩的打算,沒有,本來就沒有想生小孩,部分同意,有，交托給親友,沒考慮過,覺得ちいかわ在台灣紅起來之後，養娃變得更常見更開放，娃包也越來越多種選擇，很開心，大家一起來養娃吧！,有跟親友討論過，應該會互相接收對方的娃，看誰活比較久哈哈😂,"https://drive.google.com/open?id=13U7j9ATXmF6s67wf_b7u6IQXZq7FxK0y, https://drive.google.com/open?id=1ggDFCf7-Bzet8ZHbWoPT8O6CS7m-aw8f, https://drive.google.com/open?id=1gDpmzL0FjHrqIA9Ve4lHJPICaCgTZWRa, https://drive.google.com/open?id=1-9zi7DoqqdlP6HKp0bNUyilT5z3y8Pe1",帶娃去東京旅行（主題合作餐廳、聽音樂會、看足球賽）,我很宅，不喜歡出門，但自從拍過娃跟花的照片後，開始會帶著他們追花，在各種季節、花季跟展覽去拍照，不愛運動的我，反而會為了帶他們拍照出遠門或旅行，好像也對健康有幫助。,不用了謝謝 いいえ、結構,在某種程度上被理解,有點稀奇，給人只有特定人士才會這樣做的印象,"兒童的玩具, 戀人、家人或朋友的禮物, 室內裝飾, 獲取療癒感"
2025/4/5 下午 7:31:01,女,26至33歲,台灣,和家人,未婚,沒有,,,,,,,,,,,,,,,,,,,,,,,,,,,,,,,,很普遍，並不特別稀奇,很普遍，並不特別稀奇,"兒童的玩具, 戀人、家人或朋友的禮物, 室內裝飾, 時尚單品, 獲取療癒感, 心理治療"
2025/4/5 下午 7:32:12,女,18至25歲,台灣,獨居,未婚,1至3隻,每周數次,"攜帶上班上學, 攜帶參加活動(如Cosplay活動/馬拉松), 出國旅行, 同一張被子下陪睡",有點在意，但是還好,"收藏品, 睡覺用品",,同意,沒特別想法,不同意,沒特別想法/沒在這樣做,有時,沒特別想法,沒特別想法,不同意,不同意,沒意見,同意,沒意見,沒意見,沒有，但有養寵物的打算,沒有，也沒有生小孩的打算,沒有,本來就沒有想生小孩,不同意，兩者需求性質不同,沒考慮過,不相信,,,,,,,很普遍，並不特別稀奇,有點稀奇，給人只有特定人士才會這樣做的印象,"兒童的玩具, 戀人、家人或朋友的禮物, 室內裝飾, 時尚單品, 獲取療癒感, 心理治療"
2025/4/5 下午 7:35:29,女,18至25歲,台灣,和家人住在一起,未婚,7至10隻,偶爾,"攜帶出門, 為娃娃穿衣服, 拍照分享至社交平台, 國內旅行, 出國旅行",完全不在意,收藏品,無,沒特別想法,不同意,不同意,沒特別想法/沒在這樣做,有時,沒特別想法,不同意,不同意,沒意見,沒意見,同意,沒意見,沒意見,沒有，也沒養寵物的打算,沒有，也沒有生小孩的打算,沒有,本來就沒有想生小孩,本來就沒有想養寵物,有，暫時還沒想到該怎麼辦,沒考慮過,開心就好,無,,,無,不用了謝謝 いいえ、結構,不知道/沒有概念,在某種程度上被理解,"兒童的玩具, 戀人、家人或朋友的禮物, 室內裝飾, 時尚單品, 獲取療癒感"
2025/4/5 下午 7:53:02,女,33至40歲,台灣,與伴侶或配偶同住,未婚,4至6隻,偶爾,"攜帶參加活動(如Cosplay活動/馬拉松), 攜帶出門, 為娃娃穿衣服, 拍照分享至社交平台",有點在意，但是還好,"寵物, 下一代/子女, 收藏品",,同意,同意,不同意,同意,有時,同意,不同意,不同意,不同意,沒意見,同意,同意,不同意,沒有，也沒養寵物的打算,沒有，但有生小孩的打算,有,不同意，兩者需求性質不同,不同意，兩者需求性質不同,有，跟我一起火化/埋葬,沒考慮過,現代人在繁忙的兩點一線生活中需要尋找心靈寄託或是情緒上的紓解，卻又無力（無論是體力、經濟負擔或心力）負擔實際撫養孩子、照顧寵物的付出。在交友上，則往往受制於有限的時間，所以需要透過蒐集周邊、玩偶，以打扮、換裝的方式來作為一個出口。寵物、孩子與朋友是無法掌控的他者，需要時時顧慮，關照，但娃娃不哭鬧、不抱怨，沒有額外的索求，也不會造成叨擾旁人的心理負擔。即使傾訴心事，也沒有外洩第三者的風險。覺得就和生成式AI誕生於世後，一部分使用者用其作為談天、諮詢的對象一樣。,市面上的娃娃（公仔/手辦/BJD/人偶）材質各異，焚燒、掩埋或毀棄似乎都難免會有些罣礙。不曉得小組的同學們是否有聽說過用以供養祭祀人形的神社。參考連結：（https://otakiagejinja.com/media/64）　其實以陪伴自己許久的伴侶的心情作為出發，或多或少會希望他們在功成身退後，有個可以棲身的歸處。個人認為，無論是（https://dq.yam.com/post/9364）　對AIBO或是人形，所表現出的投射一定程度上彰顯了人類幽微的感情。,"https://drive.google.com/open?id=1p2bIDEPJTLXYBw0Rm6KGU5DGcK8NOUjr, https://drive.google.com/open?id=1Ry33QAYh-Sv_d-dpW2xIsxsYxItbeVkc, https://drive.google.com/open?id=1OhzuA9Fg47-bvENge7ndAP9flpG94KOY",棉花娃原型是版權角色（經原作同意可進行立體物的非營利二創），在原型角色生日的那天被帶到咖啡廳用蛋糕；天氣好時帶著棉花娃出外賞花（地點：大安森林公園）,,不用了謝謝 いいえ、結構,有點稀奇，給人只有特定人士才會這樣做的印象,會被認為是不自然的,"兒童的玩具, 戀人、家人或朋友的禮物, 室內裝飾, 獲取療癒感"
2025/4/5 下午 7:58:29,女,18至25歲,台灣,和家人同住,未婚,11隻以上,每天多次,"攜帶上班上學, 攜帶參加活動(如Cosplay活動/馬拉松), 攜帶出門, 餵食, 日常聊天, 傾訴心事、秘密、煩惱, 為其取名並賦予性格, 為娃娃與娃娃組織家庭, 為娃娃穿衣服, 娃娃與娃娃互相聊天/接觸, 拍照分享至社交平台, 扮演場景, 抱抱/蹭蹭/吸吸, 出門前為娃娃蓋被被, 國內旅行, 出國旅行, 同一張被子下陪睡, 讓娃娃以乘客姿態坐在自己駕駛/乘搭的交通工具上(不限私家車/機車/單車/公車/計程車/飛機)",完全不在意,"朋友, 家人, 夥伴",,同意,同意,沒特別想法,沒特別想法/沒在這樣做,有時,同意,同意,沒意見,沒意見,同意,同意,同意,同意,有,沒有，也沒有生小孩的打算,有,不同意，兩者需求性質不同,同意，降低養寵物意願,沒考慮過,沒考慮過,,,,,,不用了謝謝 いいえ、結構,在某種程度上被理解,很普遍，並不特別稀奇,"戀人、家人或朋友的禮物, 室內裝飾"
2025/4/5 下午 8:07:28,女,18至25歲,台灣,單親,未婚,1至3隻,每天多次,"抱抱/蹭蹭/吸吸, 同一張被子下陪睡",完全不在意,朋友,無,同意,同意,沒特別想法,同意,經常,同意,沒特別想法,同意,同意,同意,同意,同意,沒意見,沒有，也沒養寵物的打算,沒有，也沒有生小孩的打算,沒有,本來就沒有想生小孩,本來就沒有想養寵物,有，跟我一起火化/埋葬,相信,無,無,,無,,不用了謝謝 いいえ、結構,不知道/沒有概念,不知道/沒有概念,兒童的玩具
2025/4/5 下午 10:45:43,女,41至48歲,台灣,與伴侶或配偶同住,未婚,沒有,,,,,,,,,,,,,,,,,,,,,,,,,,,,,,,,在某種程度上被理解,有點稀奇，給人只有特定人士才會這樣做的印象,"兒童的玩具, 戀人、家人或朋友的禮物, 室內裝飾, 時尚單品, 獲取療癒感, 心理治療"
2025/4/5 下午 11:02:44,女,18至25歲,台灣,與室友同住或與他人合租,未婚,11隻以上,每周數次,"攜帶上班上學, 攜帶參加活動(如Cosplay活動/馬拉松), 攜帶出門, 為娃娃穿衣服, 拍照分享至社交平台, 國內旅行, 出國旅行, 讓娃娃以乘客姿態坐在自己駕駛/乘搭的交通工具上(不限私家車/機車/單車/公車/計程車/飛機)",完全不在意,收藏品,,同意,沒特別想法,不同意,同意,經常,同意,同意,不同意,同意,同意,同意,同意,沒意見,沒有，也沒養寵物的打算,沒有，尚未決定,沒有,本來就沒有想生小孩,同意，降低養寵物意願,有，跟我一起火化/埋葬,沒考慮過,,,,,,,在某種程度上被理解,在某種程度上被理解,"兒童的玩具, 戀人、家人或朋友的禮物, 室內裝飾, 獲取療癒感, 心理治療"
2025/4/5 下午 11:30:54,女,18至25歲,台灣,和家人住,未婚,1至3隻,每天多次,"攜帶參加活動(如Cosplay活動/馬拉松), 攜帶出門, 日常聊天, 傾訴心事、秘密、煩惱, 為其取名並賦予性格, 為娃娃穿衣服, 抱抱/蹭蹭/吸吸, 出門前為娃娃蓋被被, 國內旅行, 出國旅行, 同一張被子下陪睡",有點在意，但是還好,"家人, 下一代/子女","媽媽/爸爸, 哥哥/姐姐",同意,同意,沒特別想法,沒特別想法/沒在這樣做,經常,同意,同意,同意,同意,同意,同意,同意,同意,沒有，也沒養寵物的打算,沒有，尚未決定,沒有,不同意，兩者需求性質不同,本來就沒有想養寵物,有，暫時還沒想到該怎麼辦,相信,養娃娃的人會更懂得珍惜娃娃我覺得很好！,,,,娃娃永遠是我最愛的寶寶🥹😭🥰🫶🏻,不用了謝謝 いいえ、結構,在某種程度上被理解,在某種程度上被理解,"兒童的玩具, 戀人、家人或朋友的禮物, 獲取療癒感"
2025/4/6 上午 1:21:28,男,18至25歲,台灣,與伴侶或配偶同住,未婚,沒有,,,,,,,,,,,,,,,,,,,,,,,,,,,,,,,,不知道/沒有概念,不知道/沒有概念,戀人、家人或朋友的禮物
2025/4/6 上午 2:43:22,男,26至33歲,香港,與家人同住,未婚,1至3隻,幾乎沒有,"抱抱/蹭蹭/吸吸, 同一張被子下陪睡",完全不在意,,,沒特別想法,不同意,不同意,沒特別想法/沒在這樣做,很少,沒特別想法,不同意,不同意,不同意,不同意,同意,不同意,不同意,沒有，也沒養寵物的打算,沒有，也沒有生小孩的打算,沒有,沒有想法,本來就沒有想養寵物,沒考慮過,沒考慮過,,,,,,,很普遍，並不特別稀奇,很普遍，並不特別稀奇,
2025/4/6 上午 3:14:57,男,41至48歲,Canada,與室友同住或與他人合租,未婚,沒有,,,,,,,,,,,,,,,,,,,,,,,,,,,,,,,,在某種程度上被理解,有點稀奇，給人只有特定人士才會這樣做的印象,"兒童的玩具, 戀人、家人或朋友的禮物, 室內裝飾"
2025/4/6 上午 8:10:07,男,18至25歲,台灣,家人同住,未婚,11隻以上,每天多次,"娃娃與娃娃互相聊天/接觸, 抱抱/蹭蹭/吸吸, 國內旅行",完全不在意,"家人, 夥伴",主人,同意,同意,沒特別想法,沒特別想法/沒在這樣做,經常,同意,同意,同意,同意,同意,同意,同意,同意,沒有，也沒養寵物的打算,沒有，也沒有生小孩的打算,沒有,本來就沒有想生小孩,本來就沒有想養寵物,沒考慮過,沒考慮過,沒有,沒有,,沒有,沒有,不用了謝謝 いいえ、結構,不知道/沒有概念,不知道/沒有概念,"兒童的玩具, 室內裝飾, 時尚單品"
2025/4/6 上午 10:04:37,男,33至40歲,台灣,與妹妹同住,未婚,7至10隻,每天1次,"日常聊天, 傾訴心事、秘密、煩惱, 為其取名並賦予性格, 抱抱/蹭蹭/吸吸, 出門前為娃娃蓋被被, 同一張被子下陪睡",有點在意，但是還好,"家人, 寵物, 夥伴, 下一代/子女","媽媽/爸爸, 人類",同意,同意,同意,沒特別想法/沒在這樣做,經常,同意,同意,同意,同意,同意,同意,同意,同意,沒有，但有養寵物的打算,沒有，但有生小孩的打算,有,不同意，兩者需求性質不同,同意，降低養寵物意願,沒考慮過,相信,,,,,,不用了謝謝 いいえ、結構,不知道/沒有概念,在某種程度上被理解,"兒童的玩具, 戀人、家人或朋友的禮物, 獲取療癒感, 心理治療"
2025/4/6 下午 2:16:39,男,18至25歲,台灣,與室友同住或與他人合租,未婚,1至3隻,每天1次,同一張被子下陪睡,如果可以的話不想被人知道,收藏品,無,沒特別想法,沒特別想法,沒特別想法,沒特別想法/沒在這樣做,很少,不同意,不同意,不同意,不同意,不同意,同意,沒意見,不同意,沒有，也沒養寵物的打算,沒有，也沒有生小孩的打算,沒有,本來就沒有想生小孩,本來就沒有想養寵物,沒考慮過,不相信,,,,,,不用了謝謝 いいえ、結構,很普遍，並不特別稀奇,不知道/沒有概念,"兒童的玩具, 戀人、家人或朋友的禮物, 室內裝飾"
2025/4/6 下午 9:57:09,女,18至25歲,台灣,與家人同住,未婚,7至10隻,偶爾,"攜帶參加活動(如Cosplay活動/馬拉松), 攜帶出門, 為娃娃穿衣服, 娃娃與娃娃互相聊天/接觸, 拍照分享至社交平台, 扮演場景, 國內旅行, 讓娃娃以乘客姿態坐在自己駕駛/乘搭的交通工具上(不限私家車/機車/單車/公車/計程車/飛機)",有點在意，但是還好,"夥伴, 收藏品","人類, 主人",同意,同意,不同意,同意,有時,同意,同意,不同意,不同意,沒意見,同意,同意,沒意見,沒有，但有養寵物的打算,沒有，也沒有生小孩的打算,有,不同意，兩者需求性質不同,同意，降低養寵物意願,有，暫時還沒想到該怎麼辦,沒考慮過,感覺社群媒體的興起讓養娃娃的現象更普遍。因為看到別人帶娃娃出去玩，還拍很可愛的照片，自己也會想要跟著試試看帶娃娃出去玩耍和拍照。,,"https://drive.google.com/open?id=1nll0sGxS92eZh6oL1wipWyWlZn69XpCy, https://drive.google.com/open?id=14yIVrjOTTHMwtjh48Ef6XOu6lK5-1Js4",帶娃娃去看黃花風鈴木～（拍風景的時候可以用娃娃來擋人）,現在這個時代玩娃娃絕對不是小孩的專利。有些娃娃超貴的，一隻要一～兩千，這種高價娃娃反而是大人才玩得起的吧！,不用了謝謝 いいえ、結構,在某種程度上被理解,在某種程度上被理解,"兒童的玩具, 戀人、家人或朋友的禮物, 室內裝飾, 獲取療癒感, 心理治療"
2025/4/7 上午 3:57:38,女,18至25歲,台灣,獨居,未婚,11隻以上,每天多次,"攜帶上班上學, 攜帶參加活動(如Cosplay活動/馬拉松), 攜帶出門, 日常聊天, 拍照分享至社交平台, 抱抱/蹭蹭/吸吸, 出門前為娃娃蓋被被, 國內旅行, 出國旅行, 同一張被子下陪睡, 讓娃娃以乘客姿態坐在自己駕駛/乘搭的交通工具上(不限私家車/機車/單車/公車/計程車/飛機)",完全不在意,"朋友, 家人, 夥伴, 同輩, 收藏品",人類,同意,同意,沒特別想法,同意,經常,同意,同意,不同意,同意,同意,同意,同意,同意,沒有，但有養寵物的打算,沒有，也沒有生小孩的打算,有,本來就沒有想生小孩,不同意，兩者需求性質不同,有，暫時還沒想到該怎麼辦,相信,,,,,,不用了謝謝 いいえ、結構,很普遍，並不特別稀奇,很普遍，並不特別稀奇,"兒童的玩具, 戀人、家人或朋友的禮物, 獲取療癒感"
2025/4/7 上午 11:09:22,女,18至25歲,台灣,與室友同住或與他人合租,未婚,4至6隻,每周數次,"攜帶上班上學, 攜帶參加活動(如Cosplay活動/馬拉松), 攜帶出門, 拍照分享至社交平台, 國內旅行, 出國旅行",有點在意，但是還好,"寵物, 收藏品",,沒特別想法,沒特別想法,不同意,同意,有時,沒特別想法,沒特別想法,不同意,同意,沒意見,同意,沒意見,沒意見,沒有，也沒養寵物的打算,沒有，也沒有生小孩的打算,有,不同意，兩者需求性質不同,不同意，兩者需求性質不同,有，交托給親友,沒考慮過,,,,,,,在某種程度上被理解,在某種程度上被理解,"兒童的玩具, 戀人、家人或朋友的禮物, 室內裝飾, 獲取療癒感, 心理治療"
2025/4/10 上午 6:49:17,女,26至33歲,日本,獨居,未婚,4至6隻,每天多次,"日常聊天, 傾訴心事、秘密、煩惱, 為其取名並賦予性格, 為娃娃穿衣服, 娃娃與娃娃互相聊天/接觸, 拍照分享至社交平台, 抱抱/蹭蹭/吸吸, 出門前為娃娃蓋被被, 國內旅行, 出國旅行, 同一張被子下陪睡",完全不在意,"家人, 寵物",主人,同意,同意,同意,沒特別想法/沒在這樣做,經常,同意,同意,同意,同意,同意,同意,同意,同意,沒有，也沒養寵物的打算,沒有，也沒有生小孩的打算,有,同意，降低生育意願,同意，降低養寵物意願,有，跟我一起火化/埋葬,沒考慮過,,,,,,不用了謝謝 いいえ、結構,很普遍，並不特別稀奇,很普遍，並不特別稀奇,"兒童的玩具, 戀人、家人或朋友的禮物, 室內裝飾, 獲取療癒感, 心理治療"